pair_id,start_index,goal_index,seed,config_name,success,start_x,start_y,start_yaw,goal_x,goal_y,goal_yaw,planning_time,path_length,num_nodes,first_solution_iter,num_path_points,error
0,0,0,1194304222,Baseline,True,14.053092919757557,6.592797899411041,0.5324571382750047,43.536932303325806,23.965337940458376,0.5324571382750047,1.450506875058636,44.13058006841992,324,321,505,
0,0,0,1194304222,GoalBias,True,14.053092919757557,6.592797899411041,0.5324571382750047,43.536932303325806,23.965337940458376,0.5324571382750047,0.5929432909470052,54.08983477606989,141,389,672,
0,0,0,1194304222,GoalBias+Tangent,True,14.053092919757557,6.592797899411041,0.5324571382750047,43.536932303325806,23.965337940458376,0.5324571382750047,0.30512162495870143,54.44079686368946,93,101,682,
1,0,1,104593194,Baseline,True,14.053092919757557,6.592797899411041,0.7532717278778671,36.52479356325202,27.66510336305589,0.7532717278778671,1.1146280829561874,51.66879293339089,262,171,628,
1,0,1,104593194,GoalBias,True,14.053092919757557,6.592797899411041,0.7532717278778671,36.52479356325202,27.66510336305589,0.7532717278778671,1.6019967090105638,52.27274318144419,303,167,631,
1,0,1,104593194,GoalBias+Tangent,True,14.053092919757557,6.592797899411041,0.7532717278778671,36.52479356325202,27.66510336305589,0.7532717278778671,0.31625458400230855,60.216349355368806,104,160,765,
2,0,2,846995755,Baseline,True,14.053092919757557,6.592797899411041,0.8436255124552225,27.049089991906214,21.197743441899785,0.8436255124552225,0.9997872500680387,42.88471283504877,235,159,460,
2,0,2,846995755,GoalBias,True,14.053092919757557,6.592797899411041,0.8436255124552225,27.049089991906214,21.197743441899785,0.8436255124552225,1.0821551670087501,24.05723962745019,147,66,306,
2,0,2,846995755,GoalBias+Tangent,True,14.053092919757557,6.592797899411041,0.8436255124552225,27.049089991906214,21.197743441899785,0.8436255124552225,0.26620399998500943,32.95270387771379,89,63,419,
3,0,3,1117726169,Baseline,True,14.053092919757557,6.592797899411041,0.9560576682757747,28.33769613415263,26.826067642436417,0.9560576682757747,1.1846532500348985,34.161687427319876,269,209,428,
3,0,3,1117726169,GoalBias,True,14.053092919757557,6.592797899411041,0.9560576682757747,28.33769613415263,26.826067642436417,0.9560576682757747,0.3220025410410017,37.87041915776143,91,136,482,
3,0,3,1117726169,GoalBias+Tangent,True,14.053092919757557,6.592797899411041,0.9560576682757747,28.33769613415263,26.826067642436417,0.9560576682757747,0.4702033329522237,41.52857553949331,117,229,517,
4,0,4,1280565578,Baseline,True,14.053092919757557,6.592797899411041,0.9532612576050346,25.79721209379483,23.129285095962924,0.9532612576050346,0.6299687079153955,28.74715633893354,160,13,365,
4,0,4,1280565578,GoalBias,True,14.053092919757557,6.592797899411041,0.9532612576050346,25.79721209379483,23.129285095962924,0.9532612576050346,1.7678660420933738,25.72024544811631,279,143,327,
4,0,4,1280565578,GoalBias+Tangent,True,14.053092919757557,6.592797899411041,0.9532612576050346,25.79721209379483,23.129285095962924,0.9532612576050346,0.23616149998269975,43.120780678964664,95,37,546,
5,0,5,1148120101,Baseline,True,14.053092919757557,6.592797899411041,0.9065943495418498,29.58524851460567,26.433070902339733,0.9065943495418498,1.0379157920833677,45.120166987423254,270,203,554,
5,0,5,1148120101,GoalBias,True,14.053092919757557,6.592797899411041,0.9065943495418498,29.58524851460567,26.433070902339733,0.9065943495418498,0.5616460000164807,44.722140270731025,177,55,524,
5,0,5,1148120101,GoalBias+Tangent,True,14.053092919757557,6.592797899411041,0.9065943495418498,29.58524851460567,26.433070902339733,0.9065943495418498,0.23966270801611245,39.69318358784364,88,58,504,
6,0,6,389119134,Baseline,True,14.053092919757557,6.592797899411041,0.6190038190140723,42.829982474122566,27.093631695563825,0.6190038190140723,1.0729504999471828,53.303120595190585,267,189,600,
6,0,6,389119134,GoalBias,True,14.053092919757557,6.592797899411041,0.6190038190140723,42.829982474122566,27.093631695563825,0.6190038190140723,0.5707092500524595,49.963054540525306,153,303,621,
6,0,6,389119134,GoalBias+Tangent,True,14.053092919757557,6.592797899411041,0.6190038190140723,42.829982474122566,27.093631695563825,0.6190038190140723,0.4539799999911338,49.20514532725568,120,199,607,
7,0,7,1714549227,Baseline,True,14.053092919757557,6.592797899411041,1.1193960241353214,22.66510658510346,24.357464868132716,1.1193960241353214,0.7520723749184981,38.03857970844321,193,89,452,
7,0,7,1714549227,GoalBias,True,14.053092919757557,6.592797899411041,1.1193960241353214,22.66510658510346,24.357464868132716,1.1193960241353214,2.3897975829895586,34.958620539729296,299,204,446,
7,0,7,1714549227,GoalBias+Tangent,True,14.053092919757557,6.592797899411041,1.1193960241353214,22.66510658510346,24.357464868132716,1.1193960241353214,0.47611087502446026,34.758276497012105,246,171,442,
8,0,8,63072593,Baseline,True,14.053092919757557,6.592797899411041,0.673995517347767,32.29498145791376,21.164021366355975,0.673995517347767,1.0096991249592975,25.843574199208387,219,92,330,
8,0,8,63072593,GoalBias,True,14.053092919757557,6.592797899411041,0.673995517347767,32.29498145791376,21.164021366355975,0.673995517347767,0.42059745907317847,34.061761533635156,91,75,425,
8,0,8,63072593,GoalBias+Tangent,True,14.053092919757557,6.592797899411041,0.673995517347767,32.29498145791376,21.164021366355975,0.673995517347767,2.00688133307267,56.223005989609725,279,984,690,
9,0,9,821437840,Baseline,True,14.053092919757557,6.592797899411041,0.6136812821790967,35.63540730704127,21.795651329658106,0.6136812821790967,0.9660653329920024,37.34292201362127,243,192,438,
9,0,9,821437840,GoalBias,True,14.053092919757557,6.592797899411041,0.6136812821790967,35.63540730704127,21.795651329658106,0.6136812821790967,1.4505162501009181,49.26002936896207,236,367,599,
9,0,9,821437840,GoalBias+Tangent,True,14.053092919757557,6.592797899411041,0.6136812821790967,35.63540730704127,21.795651329658106,0.6136812821790967,0.5680282090324908,53.20340319644513,149,277,647,
10,1,0,90361246,Baseline,True,7.070291499405662,7.31408807042184,0.42834211345392825,43.536932303325806,23.965337940458376,0.42834211345392825,2.8272782909916714,53.46123494879554,435,519,575,
10,1,0,90361246,GoalBias,True,7.070291499405662,7.31408807042184,0.42834211345392825,43.536932303325806,23.965337940458376,0.42834211345392825,0.29984525009058416,63.837456343729094,100,151,780,
10,1,0,90361246,GoalBias+Tangent,True,7.070291499405662,7.31408807042184,0.42834211345392825,43.536932303325806,23.965337940458376,0.42834211345392825,0.3147772919619456,60.74405402480398,100,98,757,
11,1,1,1359819927,Baseline,True,7.070291499405662,7.31408807042184,0.6046131148680516,36.52479356325202,27.66510336305589,0.6046131148680516,1.1742954580113292,60.68682703307027,276,203,738,
11,1,1,1359819927,GoalBias,True,7.070291499405662,7.31408807042184,0.6046131148680516,36.52479356325202,27.66510336305589,0.6046131148680516,0.3709047499578446,58.21802093249884,106,88,707,
11,1,1,1359819927,GoalBias+Tangent,True,7.070291499405662,7.31408807042184,0.6046131148680516,36.52479356325202,27.66510336305589,0.6046131148680516,0.44644262501969934,63.47753055296041,131,165,805,
12,1,2,1806043308,Baseline,True,7.070291499405662,7.31408807042184,0.6073080448366981,27.049089991906214,21.197743441899785,0.6073080448366981,0.7860037080245093,42.4060990125099,208,62,479,
12,1,2,1806043308,GoalBias,True,7.070291499405662,7.31408807042184,0.6073080448366981,27.049089991906214,21.197743441899785,0.6073080448366981,0.44805445801466703,42.02568974381746,259,56,515,
12,1,2,1806043308,GoalBias+Tangent,True,7.070291499405662,7.31408807042184,0.6073080448366981,27.049089991906214,21.197743441899785,0.6073080448366981,0.32483116700313985,47.4707840884079,95,140,593,
13,1,3,669067490,Baseline,True,7.070291499405662,7.31408807042184,0.7423778477730707,28.33769613415263,26.826067642436417,0.7423778477730707,1.2960807499475777,59.68197977770525,270,280,707,
13,1,3,669067490,GoalBias,True,7.070291499405662,7.31408807042184,0.7423778477730707,28.33769613415263,26.826067642436417,0.7423778477730707,2.5704260409111157,40.674650694077386,286,174,486,
13,1,3,669067490,GoalBias+Tangent,True,7.070291499405662,7.31408807042184,0.7423778477730707,28.33769613415263,26.826067642436417,0.7423778477730707,0.25911208300385624,43.798867660910204,80,108,534,
14,1,4,467867512,Baseline,True,7.070291499405662,7.31408807042184,0.7013020950835367,25.79721209379483,23.129285095962924,0.7013020950835367,0.6945939590223134,42.954247082813154,183,41,509,
14,1,4,467867512,GoalBias,True,7.070291499405662,7.31408807042184,0.7013020950835367,25.79721209379483,23.129285095962924,0.7013020950835367,0.21050520800054073,30.23023473290641,56,105,384,
14,1,4,467867512,GoalBias+Tangent,True,7.070291499405662,7.31408807042184,0.7013020950835367,25.79721209379483,23.129285095962924,0.7013020950835367,0.30421600001864135,27.111951703026957,104,86,331,
15,1,5,1446613242,Baseline,True,7.070291499405662,7.31408807042184,0.7040108938122325,29.58524851460567,26.433070902339733,0.7040108938122325,0.7147306660190225,38.74177648684622,209,82,478,
15,1,5,1446613242,GoalBias,True,7.070291499405662,7.31408807042184,0.7040108938122325,29.58524851460567,26.433070902339733,0.7040108938122325,6.470848958007991,35.53618377054615,261,273,442,
15,1,5,1446613242,GoalBias+Tangent,True,7.070291499405662,7.31408807042184,0.7040108938122325,29.58524851460567,26.433070902339733,0.7040108938122325,0.3236282500438392,48.01807007091746,91,168,609,
16,1,6,959880882,Baseline,True,7.070291499405662,7.31408807042184,0.5052385177921321,42.829982474122566,27.093631695563825,0.5052385177921321,2.3726590409642085,51.488329145819996,432,500,606,
16,1,6,959880882,GoalBias,True,7.070291499405662,7.31408807042184,0.5052385177921321,42.829982474122566,27.093631695563825,0.5052385177921321,0.4761713750194758,59.2268871038743,282,232,728,
16,1,6,959880882,GoalBias+Tangent,True,7.070291499405662,7.31408807042184,0.5052385177921321,42.829982474122566,27.093631695563825,0.5052385177921321,0.2790663340128958,53.49058016060637,82,127,681,
17,1,7,2099236712,Baseline,True,7.070291499405662,7.31408807042184,0.829751469327606,22.66510658510346,24.357464868132716,0.829751469327606,0.8013544589048252,36.93524144228836,210,84,453,
17,1,7,2099236712,GoalBias,True,7.070291499405662,7.31408807042184,0.829751469327606,22.66510658510346,24.357464868132716,0.829751469327606,1.143119415966794,25.923326501091395,264,24,330,
17,1,7,2099236712,GoalBias+Tangent,True,7.070291499405662,7.31408807042184,0.829751469327606,22.66510658510346,24.357464868132716,0.829751469327606,0.35286054108291864,26.45372123539732,100,109,336,
18,1,8,3422678,Baseline,True,7.070291499405662,7.31408807042184,0.5021232162014493,32.29498145791376,21.164021366355975,0.5021232162014493,1.5654246249468997,39.17132267419827,305,306,465,
18,1,8,3422678,GoalBias,True,7.070291499405662,7.31408807042184,0.5021232162014493,32.29498145791376,21.164021366355975,0.5021232162014493,0.7151720830006525,45.961760718800974,145,291,556,
18,1,8,3422678,GoalBias+Tangent,True,7.070291499405662,7.31408807042184,0.5021232162014493,32.29498145791376,21.164021366355975,0.5021232162014493,0.4303583330474794,49.43171653718847,120,223,620,
19,1,9,26165065,Baseline,True,7.070291499405662,7.31408807042184,0.46920544501655215,35.63540730704127,21.795651329658106,0.46920544501655215,1.5242935420246795,39.810620172610115,315,279,490,
19,1,9,26165065,GoalBias,True,7.070291499405662,7.31408807042184,0.46920544501655215,35.63540730704127,21.795651329658106,0.46920544501655215,0.7458367079962045,46.84974744326465,294,202,596,
19,1,9,26165065,GoalBias+Tangent,True,7.070291499405662,7.31408807042184,0.46920544501655215,35.63540730704127,21.795651329658106,0.46920544501655215,0.6240441249683499,56.81746747951313,145,383,671,
20,2,0,153702124,Baseline,True,9.402165688583784,6.377218545085918,0.47577723364301505,43.536932303325806,23.965337940458376,0.47577723364301505,1.183915540925227,53.30122814662639,276,252,660,
20,2,0,153702124,GoalBias,True,9.402165688583784,6.377218545085918,0.47577723364301505,43.536932303325806,23.965337940458376,0.47577723364301505,0.8198992079123855,67.95247875375931,192,547,844,
20,2,0,153702124,GoalBias+Tangent,True,9.402165688583784,6.377218545085918,0.47577723364301505,43.536932303325806,23.965337940458376,0.47577723364301505,0.4350351250031963,56.94603590047604,125,160,688,
21,2,1,1146269307,Baseline,True,9.402165688583784,6.377218545085918,0.6654503781344361,36.52479356325202,27.66510336305589,0.6654503781344361,1.4188499170122668,48.333943076857146,293,234,575,
21,2,1,1146269307,GoalBias,True,9.402165688583784,6.377218545085918,0.6654503781344361,36.52479356325202,27.66510336305589,0.6654503781344361,0.29002312500961125,50.838984663625375,91,135,625,
21,2,1,1146269307,GoalBias+Tangent,True,9.402165688583784,6.377218545085918,0.6654503781344361,36.52479356325202,27.66510336305589,0.6654503781344361,0.4687041670549661,49.573428365596726,119,208,620,
22,2,2,544807239,Baseline,True,9.402165688583784,6.377218545085918,0.6985637487613778,27.049089991906214,21.197743441899785,0.6985637487613778,1.075604374986142,33.236416798099164,270,168,414,
22,2,2,544807239,GoalBias,True,9.402165688583784,6.377218545085918,0.6985637487613778,27.049089991906214,21.197743441899785,0.6985637487613778,1.4417900829575956,37.23887673822912,255,40,443,
22,2,2,544807239,GoalBias+Tangent,True,9.402165688583784,6.377218545085918,0.6985637487613778,27.049089991906214,21.197743441899785,0.6985637487613778,1.4116099160164595,40.19945327244886,293,239,504,
23,2,3,1595731976,Baseline,True,9.402165688583784,6.377218545085918,0.823803606339542,28.33769613415263,26.826067642436417,0.823803606339542,0.7943201248999685,35.59028642029075,200,121,444,
23,2,3,1595731976,GoalBias,True,9.402165688583784,6.377218545085918,0.823803606339542,28.33769613415263,26.826067642436417,0.823803606339542,0.5596015420742333,43.64492186344734,117,174,544,
23,2,3,1595731976,GoalBias+Tangent,True,9.402165688583784,6.377218545085918,0.823803606339542,28.33769613415263,26.826067642436417,0.823803606339542,0.5135577080072835,47.42157426536963,131,182,603,
24,2,4,1230620690,Baseline,True,9.402165688583784,6.377218545085918,0.7961685234337867,25.79721209379483,23.129285095962924,0.7961685234337867,0.704377208952792,39.050683099184,188,63,490,
24,2,4,1230620690,GoalBias,True,9.402165688583784,6.377218545085918,0.7961685234337867,25.79721209379483,23.129285095962924,0.7961685234337867,0.33954508299939334,36.799036962019024,76,150,468,
24,2,4,1230620690,GoalBias+Tangent,True,9.402165688583784,6.377218545085918,0.7961685234337867,25.79721209379483,23.129285095962924,0.7961685234337867,0.33396737498696893,45.51435098322269,98,83,577,
25,2,5,1992624797,Baseline,True,9.402165688583784,6.377218545085918,0.7822362992925047,29.58524851460567,26.433070902339733,0.7822362992925047,0.8767493750201538,37.77735375171408,211,85,481,
25,2,5,1992624797,GoalBias,True,9.402165688583784,6.377218545085918,0.7822362992925047,29.58524851460567,26.433070902339733,0.7822362992925047,8.597875333041884,46.21347225879088,298,253,565,
25,2,5,1992624797,GoalBias+Tangent,True,9.402165688583784,6.377218545085918,0.7822362992925047,29.58524851460567,26.433070902339733,0.7822362992925047,0.4549946249462664,42.6801544395084,119,205,546,
26,2,6,1235416567,Baseline,True,9.402165688583784,6.377218545085918,0.5548048287866161,42.829982474122566,27.093631695563825,0.5548048287866161,1.3199232910992578,58.644936881684714,278,245,667,
26,2,6,1235416567,GoalBias,True,9.402165688583784,6.377218545085918,0.5548048287866161,42.829982474122566,27.093631695563825,0.5548048287866161,4.592263041995466,60.67018866132059,252,542,763,
26,2,6,1235416567,GoalBias+Tangent,True,9.402165688583784,6.377218545085918,0.5548048287866161,42.829982474122566,27.093631695563825,0.5548048287866161,0.48796008294448256,53.714185683343494,100,348,657,
27,2,7,1787228049,Baseline,True,9.402165688583784,6.377218545085918,0.9352529491454646,22.66510658510346,24.357464868132716,0.9352529491454646,0.7926776249660179,24.80061561381522,213,78,317,
27,2,7,1787228049,GoalBias,True,9.402165688583784,6.377218545085918,0.9352529491454646,22.66510658510346,24.357464868132716,0.9352529491454646,1.3659902500221506,26.51500385637493,285,53,339,
27,2,7,1787228049,GoalBias+Tangent,True,9.402165688583784,6.377218545085918,0.9352529491454646,22.66510658510346,24.357464868132716,0.9352529491454646,0.5708092499990016,40.606170640586086,142,359,515,
28,2,8,1783025184,Baseline,True,9.402165688583784,6.377218545085918,0.5734978366690906,32.29498145791376,21.164021366355975,0.5734978366690906,0.9466826670104638,54.15527231609707,219,145,666,
28,2,8,1783025184,GoalBias,True,9.402165688583784,6.377218545085918,0.5734978366690906,32.29498145791376,21.164021366355975,0.5734978366690906,0.2732300410280004,41.823261939535506,85,46,525,
28,2,8,1783025184,GoalBias+Tangent,True,9.402165688583784,6.377218545085918,0.5734978366690906,32.29498145791376,21.164021366355975,0.5734978366690906,0.8334609579760581,52.35257641901295,169,456,664,
29,2,9,1813720780,Baseline,True,9.402165688583784,6.377218545085918,0.531359060105232,35.63540730704127,21.795651329658106,0.531359060105232,0.8313034169841558,50.37241109738199,236,122,602,
29,2,9,1813720780,GoalBias,True,9.402165688583784,6.377218545085918,0.531359060105232,35.63540730704127,21.795651329658106,0.531359060105232,0.4343291249824688,53.94125532974999,102,256,688,
29,2,9,1813720780,GoalBias+Tangent,True,9.402165688583784,6.377218545085918,0.531359060105232,35.63540730704127,21.795651329658106,0.531359060105232,0.86908566695638,47.641436576120256,185,455,584,
30,3,0,2092799309,Baseline,True,5.366740177023946,7.249673067872619,0.41276674420171444,43.536932303325806,23.965337940458376,0.41276674420171444,1.3994904579594731,72.95926280636587,305,255,865,
30,3,0,2092799309,GoalBias,True,5.366740177023946,7.249673067872619,0.41276674420171444,43.536932303325806,23.965337940458376,0.41276674420171444,1.1093575418926775,50.040846167446084,272,59,637,
30,3,0,2092799309,GoalBias+Tangent,True,5.366740177023946,7.249673067872619,0.41276674420171444,43.536932303325806,23.965337940458376,0.41276674420171444,0.5077478749444708,67.73282833360567,149,220,819,
31,3,1,347892462,Baseline,True,5.366740177023946,7.249673067872619,0.5800372031843279,36.52479356325202,27.66510336305589,0.5800372031843279,1.028474707971327,57.293483820958855,261,221,672,
31,3,1,347892462,GoalBias,True,5.366740177023946,7.249673067872619,0.5800372031843279,36.52479356325202,27.66510336305589,0.5800372031843279,0.27344058302696794,47.543794520324155,95,58,567,
31,3,1,347892462,GoalBias+Tangent,True,5.366740177023946,7.249673067872619,0.5800372031843279,36.52479356325202,27.66510336305589,0.5800372031843279,0.3362494580214843,58.58946086466832,112,104,745,
32,3,2,2001068412,Baseline,True,5.366740177023946,7.249673067872619,0.571644730693504,27.049089991906214,21.197743441899785,0.571644730693504,0.8339726659469306,31.619752432854288,216,77,375,
32,3,2,2001068412,GoalBias,True,5.366740177023946,7.249673067872619,0.571644730693504,27.049089991906214,21.197743441899785,0.571644730693504,0.8254810839425772,34.023251698616626,272,37,431,
32,3,2,2001068412,GoalBias+Tangent,True,5.366740177023946,7.249673067872619,0.571644730693504,27.049089991906214,21.197743441899785,0.571644730693504,0.3069819170050323,43.33679039882899,84,85,524,
33,3,3,1104664426,Baseline,True,5.366740177023946,7.249673067872619,0.7057836586177011,28.33769613415263,26.826067642436417,0.7057836586177011,0.9659062499413267,40.33260310365553,238,167,489,
33,3,3,1104664426,GoalBias,True,5.366740177023946,7.249673067872619,0.7057836586177011,28.33769613415263,26.826067642436417,0.7057836586177011,0.813574832980521,40.17599368850153,273,21,503,
33,3,3,1104664426,GoalBias+Tangent,True,5.366740177023946,7.249673067872619,0.7057836586177011,28.33769613415263,26.826067642436417,0.7057836586177011,0.26213379204273224,34.33519957863333,99,31,437,
34,3,4,1543835470,Baseline,True,5.366740177023946,7.249673067872619,0.6607150847281678,25.79721209379483,23.129285095962924,0.6607150847281678,0.9857489579590037,41.873092382911494,200,128,486,
34,3,4,1543835470,GoalBias,True,5.366740177023946,7.249673067872619,0.6607150847281678,25.79721209379483,23.129285095962924,0.6607150847281678,3.90969766699709,40.63842302488544,305,622,483,
34,3,4,1543835470,GoalBias+Tangent,True,5.366740177023946,7.249673067872619,0.6607150847281678,25.79721209379483,23.129285095962924,0.6607150847281678,0.22657120903022587,44.030808874559966,82,53,541,
35,3,5,1610818220,Baseline,True,5.366740177023946,7.249673067872619,0.6699031753566338,29.58524851460567,26.433070902339733,0.6699031753566338,1.1390664170030504,67.4941090291628,280,231,795,
35,3,5,1610818220,GoalBias,True,5.366740177023946,7.249673067872619,0.6699031753566338,29.58524851460567,26.433070902339733,0.6699031753566338,0.2514219159493223,34.621857316916206,85,56,442,
35,3,5,1610818220,GoalBias+Tangent,True,5.366740177023946,7.249673067872619,0.6699031753566338,29.58524851460567,26.433070902339733,0.6699031753566338,0.23348412499763072,40.98068265147464,86,47,520,
36,3,6,558362111,Baseline,True,5.366740177023946,7.249673067872619,0.4871176528824739,42.829982474122566,27.093631695563825,0.4871176528824739,1.6416096250759438,57.6668581712799,332,292,687,
36,3,6,558362111,GoalBias,True,5.366740177023946,7.249673067872619,0.4871176528824739,42.829982474122566,27.093631695563825,0.4871176528824739,0.6311396670062095,55.62316977546662,155,395,679,
36,3,6,558362111,GoalBias+Tangent,True,5.366740177023946,7.249673067872619,0.4871176528824739,42.829982474122566,27.093631695563825,0.4871176528824739,0.4060292919166386,63.924848075765425,108,190,794,
37,3,7,322765932,Baseline,True,5.366740177023946,7.249673067872619,0.7798592520854739,22.66510658510346,24.357464868132716,0.7798592520854739,0.7672993330052122,43.17425513462437,214,96,512,
37,3,7,322765932,GoalBias,True,5.366740177023946,7.249673067872619,0.7798592520854739,22.66510658510346,24.357464868132716,0.7798592520854739,4.312032999936491,28.672933912837074,253,40,357,
37,3,7,322765932,GoalBias+Tangent,True,5.366740177023946,7.249673067872619,0.7798592520854739,22.66510658510346,24.357464868132716,0.7798592520854739,0.47503537498414516,56.572532805782615,128,246,696,
38,3,8,580890500,Baseline,True,5.366740177023946,7.249673067872619,0.4769335953463121,32.29498145791376,21.164021366355975,0.4769335953463121,0.5347892499994487,44.50237099930629,153,68,528,
38,3,8,580890500,GoalBias,True,5.366740177023946,7.249673067872619,0.4769335953463121,32.29498145791376,21.164021366355975,0.4769335953463121,0.5577090419828892,51.77002935976863,250,219,641,
38,3,8,580890500,GoalBias+Tangent,True,5.366740177023946,7.249673067872619,0.4769335953463121,32.29498145791376,21.164021366355975,0.4769335953463121,0.8838354169856757,58.32608285491877,167,429,698,
39,3,9,1647666706,Baseline,True,5.366740177023946,7.249673067872619,0.4479768262077206,35.63540730704127,21.795651329658106,0.4479768262077206,1.6360872919904068,62.84370636725014,329,347,702,
39,3,9,1647666706,GoalBias,True,5.366740177023946,7.249673067872619,0.4479768262077206,35.63540730704127,21.795651329658106,0.4479768262077206,1.6141289160586894,70.99319940156624,336,894,886,
39,3,9,1647666706,GoalBias+Tangent,True,5.366740177023946,7.249673067872619,0.4479768262077206,35.63540730704127,21.795651329658106,0.4479768262077206,0.46676591597497463,66.16443571301149,116,220,817,
40,4,0,1593098784,Baseline,True,3.8256253661444872,5.042033536493094,0.44468927545470516,43.536932303325806,23.965337940458376,0.44468927545470516,1.844913583016023,61.12288970900625,346,365,705,
40,4,0,1593098784,GoalBias,True,3.8256253661444872,5.042033536493094,0.44468927545470516,43.536932303325806,23.965337940458376,0.44468927545470516,1.8486414169892669,53.49543499303195,177,83,684,
40,4,0,1593098784,GoalBias+Tangent,True,3.8256253661444872,5.042033536493094,0.44468927545470516,43.536932303325806,23.965337940458376,0.44468927545470516,0.7133772500092164,60.67434535785438,145,429,763,
41,4,1,1560478169,Baseline,True,3.8256253661444872,5.042033536493094,0.6052383060443303,36.52479356325202,27.66510336305589,0.6052383060443303,1.1844367500161752,37.04311403017706,277,185,411,
41,4,1,1560478169,GoalBias,True,3.8256253661444872,5.042033536493094,0.6052383060443303,36.52479356325202,27.66510336305589,0.6052383060443303,0.39242825005203485,58.706781922401746,110,176,721,
41,4,1,1560478169,GoalBias+Tangent,True,3.8256253661444872,5.042033536493094,0.6052383060443303,36.52479356325202,27.66510336305589,0.6052383060443303,0.47069333400577307,74.9550483536548,113,297,942,
42,4,2,92053572,Baseline,True,3.8256253661444872,5.042033536493094,0.6078094318713712,27.049089991906214,21.197743441899785,0.6078094318713712,1.094560750061646,45.6216924996274,208,253,534,
42,4,2,92053572,GoalBias,True,3.8256253661444872,5.042033536493094,0.6078094318713712,27.049089991906214,21.197743441899785,0.6078094318713712,0.27412312501110137,43.493210832452455,79,77,546,
42,4,2,92053572,GoalBias+Tangent,True,3.8256253661444872,5.042033536493094,0.6078094318713712,27.049089991906214,21.197743441899785,0.6078094318713712,0.2670752080157399,47.2839538365972,86,56,594,
43,4,3,482763259,Baseline,True,3.8256253661444872,5.042033536493094,0.726540387942455,28.33769613415263,26.826067642436417,0.726540387942455,0.7685599169926718,44.94351611054686,209,74,572,
43,4,3,482763259,GoalBias,True,3.8256253661444872,5.042033536493094,0.726540387942455,28.33769613415263,26.826067642436417,0.726540387942455,0.18729087500832975,39.04555588954606,67,25,487,
43,4,3,482763259,GoalBias+Tangent,True,3.8256253661444872,5.042033536493094,0.726540387942455,28.33769613415263,26.826067642436417,0.726540387942455,0.2425190000794828,39.70757590672241,88,27,472,
44,4,4,1129532491,Baseline,True,3.8256253661444872,5.042033536493094,0.6887346158051395,25.79721209379483,23.129285095962924,0.6887346158051395,1.2741759170312434,44.318662892657755,272,231,481,
44,4,4,1129532491,GoalBias,True,3.8256253661444872,5.042033536493094,0.6887346158051395,25.79721209379483,23.129285095962924,0.6887346158051395,0.23976383300032467,44.28989160688169,90,51,565,
44,4,4,1129532491,GoalBias+Tangent,True,3.8256253661444872,5.042033536493094,0.6887346158051395,25.79721209379483,23.129285095962924,0.6887346158051395,0.29415887501090765,46.66550777399289,90,84,593,
45,4,5,2132851835,Baseline,True,3.8256253661444872,5.042033536493094,0.6930102885792344,29.58524851460567,26.433070902339733,0.6930102885792344,0.7029344160109758,39.30068617104412,206,90,469,
45,4,5,2132851835,GoalBias,True,3.8256253661444872,5.042033536493094,0.6930102885792344,29.58524851460567,26.433070902339733,0.6930102885792344,1.3362920409999788,46.84264533447363,277,144,596,
45,4,5,2132851835,GoalBias+Tangent,True,3.8256253661444872,5.042033536493094,0.6930102885792344,29.58524851460567,26.433070902339733,0.6930102885792344,0.8582815000554547,58.57490243945105,178,577,718,
46,4,6,161639668,Baseline,True,3.8256253661444872,5.042033536493094,0.5145612289596002,42.829982474122566,27.093631695563825,0.5145612289596002,1.3922529999399558,56.59892613755564,298,206,637,
46,4,6,161639668,GoalBias,True,3.8256253661444872,5.042033536493094,0.5145612289596002,42.829982474122566,27.093631695563825,0.5145612289596002,0.4226788750384003,54.77969612540187,123,138,662,
46,4,6,161639668,GoalBias+Tangent,True,3.8256253661444872,5.042033536493094,0.5145612289596002,42.829982474122566,27.093631695563825,0.5145612289596002,0.39827912498731166,67.58328215209313,123,139,850,
47,4,7,1911596130,Baseline,True,3.8256253661444872,5.042033536493094,0.7978716667164822,22.66510658510346,24.357464868132716,0.7978716667164822,1.0387607079464942,42.523362112686996,257,176,537,
47,4,7,1911596130,GoalBias,True,3.8256253661444872,5.042033536493094,0.7978716667164822,22.66510658510346,24.357464868132716,0.7978716667164822,2.9962353749433532,39.01702354901634,301,163,493,
47,4,7,1911596130,GoalBias+Tangent,True,3.8256253661444872,5.042033536493094,0.7978716667164822,22.66510658510346,24.357464868132716,0.7978716667164822,0.25862258300185204,35.39186343734746,80,22,443,
48,4,8,390401732,Baseline,True,3.8256253661444872,5.042033536493094,0.5152658736661428,32.29498145791376,21.164021366355975,0.5152658736661428,0.7601598750334233,53.28499896934011,204,61,638,
48,4,8,390401732,GoalBias,True,3.8256253661444872,5.042033536493094,0.5152658736661428,32.29498145791376,21.164021366355975,0.5152658736661428,0.7532372910063714,57.65733140617068,160,310,709,
48,4,8,390401732,GoalBias+Tangent,True,3.8256253661444872,5.042033536493094,0.5152658736661428,32.29498145791376,21.164021366355975,0.5152658736661428,0.7566169159254059,56.961529476412686,166,353,694,
49,4,9,1814748431,Baseline,True,3.8256253661444872,5.042033536493094,0.48476412200104546,35.63540730704127,21.795651329658106,0.48476412200104546,0.8039083339972422,56.77697952390529,211,94,664,
49,4,9,1814748431,GoalBias,True,3.8256253661444872,5.042033536493094,0.48476412200104546,35.63540730704127,21.795651329658106,0.48476412200104546,0.5045242499327287,46.47303265438346,127,297,572,
49,4,9,1814748431,GoalBias+Tangent,True,3.8256253661444872,5.042033536493094,0.48476412200104546,35.63540730704127,21.795651329658106,0.48476412200104546,0.700979208922945,56.69926456255733,211,125,693,
50,5,0,1552101225,Baseline,True,10.368218832512524,5.915820664614624,0.4983584775265948,43.536932303325806,23.965337940458376,0.4983584775265948,1.622357708052732,51.17899992203598,336,310,574,
50,5,0,1552101225,GoalBias,True,10.368218832512524,5.915820664614624,0.4983584775265948,43.536932303325806,23.965337940458376,0.4983584775265948,1.9401848750421777,49.79547056586852,252,533,616,
50,5,0,1552101225,GoalBias+Tangent,True,10.368218832512524,5.915820664614624,0.4983584775265948,43.536932303325806,23.965337940458376,0.4983584775265948,0.3188243330223486,62.294745244033535,102,157,787,
51,5,1,1962325247,Baseline,True,10.368218832512524,5.915820664614624,0.6936573855946118,36.52479356325202,27.66510336305589,0.6936573855946118,1.9209238749463111,54.36908605204935,358,329,654,
51,5,1,1962325247,GoalBias,True,10.368218832512524,5.915820664614624,0.6936573855946118,36.52479356325202,27.66510336305589,0.6936573855946118,1.388483416987583,51.46888491619566,310,259,657,
51,5,1,1962325247,GoalBias+Tangent,True,10.368218832512524,5.915820664614624,0.6936573855946118,36.52479356325202,27.66510336305589,0.6936573855946118,0.4696010829648003,55.92141008882709,120,248,678,
52,5,2,1141508404,Baseline,True,10.368218832512524,5.915820664614624,0.7416580536824444,27.049089991906214,21.197743441899785,0.7416580536824444,0.7469263749662787,36.039641244909525,199,55,445,
52,5,2,1141508404,GoalBias,True,10.368218832512524,5.915820664614624,0.7416580536824444,27.049089991906214,21.197743441899785,0.7416580536824444,2.793906166101806,38.38189358872259,208,31,460,
52,5,2,1141508404,GoalBias+Tangent,True,10.368218832512524,5.915820664614624,0.7416580536824444,27.049089991906214,21.197743441899785,0.7416580536824444,0.2279565839562565,45.46647566841787,79,40,579,
53,5,3,1221315956,Baseline,True,10.368218832512524,5.915820664614624,0.8608920308806818,28.33769613415263,26.826067642436417,0.8608920308806818,0.9055978750111535,42.12644575862547,218,133,503,
53,5,3,1221315956,GoalBias,True,10.368218832512524,5.915820664614624,0.8608920308806818,28.33769613415263,26.826067642436417,0.8608920308806818,5.840530957910232,37.811313489191726,294,49,481,
53,5,3,1221315956,GoalBias+Tangent,True,10.368218832512524,5.915820664614624,0.8608920308806818,28.33769613415263,26.826067642436417,0.8608920308806818,1.348050166037865,52.152491125976496,209,926,646,
54,5,4,11293166,Baseline,True,10.368218832512524,5.915820664614624,0.8400109850293362,25.79721209379483,23.129285095962924,0.8400109850293362,0.7617483750218526,25.749393061899653,194,46,314,
54,5,4,11293166,GoalBias,True,10.368218832512524,5.915820664614624,0.8400109850293362,25.79721209379483,23.129285095962924,0.8400109850293362,6.367100749979727,34.10536042418539,254,108,426,
54,5,4,11293166,GoalBias+Tangent,True,10.368218832512524,5.915820664614624,0.8400109850293362,25.79721209379483,23.129285095962924,0.8400109850293362,0.4037490841001272,39.263738594659046,108,159,496,
55,5,5,164995075,Baseline,True,10.368218832512524,5.915820664614624,0.8181093832679776,29.58524851460567,26.433070902339733,0.8181093832679776,0.7242031659698114,30.969978640155777,199,66,375,
55,5,5,164995075,GoalBias,True,10.368218832512524,5.915820664614624,0.8181093832679776,29.58524851460567,26.433070902339733,0.8181093832679776,0.42795708298217505,41.6571233435621,108,290,530,
55,5,5,164995075,GoalBias+Tangent,True,10.368218832512524,5.915820664614624,0.8181093832679776,29.58524851460567,26.433070902339733,0.8181093832679776,0.273715041927062,39.00822970848363,88,46,476,
56,5,6,1219562976,Baseline,True,10.368218832512524,5.915820664614624,0.5780552780954009,42.829982474122566,27.093631695563825,0.5780552780954009,1.1702179160201922,52.091341127234216,278,190,626,
56,5,6,1219562976,GoalBias,True,10.368218832512524,5.915820664614624,0.5780552780954009,42.829982474122566,27.093631695563825,0.5780552780954009,3.9191347499145195,50.894548958747144,304,219,648,
56,5,6,1219562976,GoalBias+Tangent,True,10.368218832512524,5.915820664614624,0.5780552780954009,42.829982474122566,27.093631695563825,0.5780552780954009,1.0943665420636535,53.24473013037167,172,821,631,
57,5,7,995170369,Baseline,True,10.368218832512524,5.915820664614624,0.9827014438438004,22.66510658510346,24.357464868132716,0.9827014438438004,0.8144299580017105,32.581937498560315,212,111,401,
57,5,7,995170369,GoalBias,True,10.368218832512524,5.915820664614624,0.9827014438438004,22.66510658510346,24.357464868132716,0.9827014438438004,0.16408970800694078,27.279853073729182,60,37,346,
57,5,7,995170369,GoalBias+Tangent,True,10.368218832512524,5.915820664614624,0.9827014438438004,22.66510658510346,24.357464868132716,0.9827014438438004,0.3371607909211889,47.00887034516228,98,78,593,
58,5,8,165374556,Baseline,True,10.368218832512524,5.915820664614624,0.607642183227934,32.29498145791376,21.164021366355975,0.607642183227934,0.8100920830620453,38.432410128078466,226,71,468,
58,5,8,165374556,GoalBias,True,10.368218832512524,5.915820664614624,0.607642183227934,32.29498145791376,21.164021366355975,0.607642183227934,0.6878893749089912,40.40653130331371,284,612,514,
58,5,8,165374556,GoalBias+Tangent,True,10.368218832512524,5.915820664614624,0.607642183227934,32.29498145791376,21.164021366355975,0.607642183227934,0.8645599589217454,47.510201052423035,292,135,588,
59,5,9,768912772,Baseline,True,10.368218832512524,5.915820664614624,0.561095265553667,35.63540730704127,21.795651329658106,0.561095265553667,0.8087812080048025,43.673453748668145,221,89,552,
59,5,9,768912772,GoalBias,True,10.368218832512524,5.915820664614624,0.561095265553667,35.63540730704127,21.795651329658106,0.561095265553667,0.5546145830303431,54.01517744026047,134,329,688,
59,5,9,768912772,GoalBias+Tangent,True,10.368218832512524,5.915820664614624,0.561095265553667,35.63540730704127,21.795651329658106,0.561095265553667,0.6135845839744434,60.89062749243112,143,185,739,
60,6,0,237303656,Baseline,True,8.703397380541631,5.408954354105454,0.4894766293391002,43.536932303325806,23.965337940458376,0.4894766293391002,1.0110229999991134,59.887956646266474,256,182,716,
60,6,0,237303656,GoalBias,True,8.703397380541631,5.408954354105454,0.4894766293391002,43.536932303325806,23.965337940458376,0.4894766293391002,1.2632131250575185,58.07828005841969,241,505,741,
60,6,0,237303656,GoalBias+Tangent,True,8.703397380541631,5.408954354105454,0.4894766293391002,43.536932303325806,23.965337940458376,0.4894766293391002,0.34781537507660687,53.254366538734565,106,161,669,
61,6,1,1914988527,Baseline,True,8.703397380541631,5.408954354105454,0.6747197277728687,36.52479356325202,27.66510336305589,0.6747197277728687,1.1302140419138595,45.14180682375817,260,177,544,
61,6,1,1914988527,GoalBias,True,8.703397380541631,5.408954354105454,0.6747197277728687,36.52479356325202,27.66510336305589,0.6747197277728687,0.4002237500390038,49.11300661134426,103,227,625,
61,6,1,1914988527,GoalBias+Tangent,True,8.703397380541631,5.408954354105454,0.6747197277728687,36.52479356325202,27.66510336305589,0.6747197277728687,0.7056800409918651,62.356191641248785,157,546,785,
62,6,2,1942365035,Baseline,True,8.703397380541631,5.408954354105454,0.7106310320162339,27.049089991906214,21.197743441899785,0.7106310320162339,0.8657588330097497,39.37316930818908,203,105,445,
62,6,2,1942365035,GoalBias,True,8.703397380541631,5.408954354105454,0.7106310320162339,27.049089991906214,21.197743441899785,0.7106310320162339,2.3361614160239697,37.86702562893992,199,72,466,
62,6,2,1942365035,GoalBias+Tangent,True,8.703397380541631,5.408954354105454,0.7106310320162339,27.049089991906214,21.197743441899785,0.7106310320162339,0.37510266597382724,31.647230506620776,96,135,381,
63,6,3,242687847,Baseline,True,8.703397380541631,5.408954354105454,0.8287997147551502,28.33769613415263,26.826067642436417,0.8287997147551502,2.0107602919451892,71.19343988293234,349,488,834,
63,6,3,242687847,GoalBias,True,8.703397380541631,5.408954354105454,0.8287997147551502,28.33769613415263,26.826067642436417,0.8287997147551502,2.3610075829783455,31.5432511341063,270,47,402,
63,6,3,242687847,GoalBias+Tangent,True,8.703397380541631,5.408954354105454,0.8287997147551502,28.33769613415263,26.826067642436417,0.8287997147551502,0.48334862501360476,44.74296261534428,123,299,568,
64,6,4,696817126,Baseline,True,8.703397380541631,5.408954354105454,0.803392240223074,25.79721209379483,23.129285095962924,0.803392240223074,0.9066124579403549,40.79134444749537,205,126,514,
64,6,4,696817126,GoalBias,True,8.703397380541631,5.408954354105454,0.803392240223074,25.79721209379483,23.129285095962924,0.803392240223074,1.3140775839565322,31.699917848501517,261,197,403,
64,6,4,696817126,GoalBias+Tangent,True,8.703397380541631,5.408954354105454,0.803392240223074,25.79721209379483,23.129285095962924,0.803392240223074,0.3013437499757856,54.90148173638481,92,103,681,
65,6,5,1055833729,Baseline,True,8.703397380541631,5.408954354105454,0.7887930227814088,29.58524851460567,26.433070902339733,0.7887930227814088,1.0762972920201719,42.71039097367833,256,189,526,
65,6,5,1055833729,GoalBias,True,8.703397380541631,5.408954354105454,0.7887930227814088,29.58524851460567,26.433070902339733,0.7887930227814088,0.39197574998252094,42.60140628701273,103,208,544,
65,6,5,1055833729,GoalBias+Tangent,True,8.703397380541631,5.408954354105454,0.7887930227814088,29.58524851460567,26.433070902339733,0.7887930227814088,0.24911441595759243,52.20379691517565,94,49,655,
66,6,6,1584701218,Baseline,True,8.703397380541631,5.408954354105454,0.566056503530934,42.829982474122566,27.093631695563825,0.566056503530934,1.295138958026655,61.120287408826314,310,281,711,
66,6,6,1584701218,GoalBias,True,8.703397380541631,5.408954354105454,0.566056503530934,42.829982474122566,27.093631695563825,0.566056503530934,1.5125372499460354,54.35632055966662,283,118,680,
66,6,6,1584701218,GoalBias+Tangent,True,8.703397380541631,5.408954354105454,0.566056503530934,42.829982474122566,27.093631695563825,0.566056503530934,0.7394102909602225,64.30369841347141,167,447,783,
67,6,7,1331879513,Baseline,True,8.703397380541631,5.408954354105454,0.935781603073945,22.66510658510346,24.357464868132716,0.935781603073945,0.8432701668934897,36.89206861911062,202,105,449,
67,6,7,1331879513,GoalBias,True,8.703397380541631,5.408954354105454,0.935781603073945,22.66510658510346,24.357464868132716,0.935781603073945,1.504385625012219,28.479692313822817,267,32,345,
67,6,7,1331879513,GoalBias+Tangent,True,8.703397380541631,5.408954354105454,0.935781603073945,22.66510658510346,24.357464868132716,0.935781603073945,0.39424475003033876,40.30705818107425,96,214,479,
68,6,8,2042945936,Baseline,True,8.703397380541631,5.408954354105454,0.5888046073178348,32.29498145791376,21.164021366355975,0.5888046073178348,0.8878899589180946,50.43006661272912,218,140,581,
68,6,8,2042945936,GoalBias,True,8.703397380541631,5.408954354105454,0.5888046073178348,32.29498145791376,21.164021366355975,0.5888046073178348,0.7452579159289598,55.06341613331164,144,399,702,
68,6,8,2042945936,GoalBias+Tangent,True,8.703397380541631,5.408954354105454,0.5888046073178348,32.29498145791376,21.164021366355975,0.5888046073178348,0.3101038329768926,41.72978793290122,94,71,531,
69,6,9,300950878,Baseline,True,8.703397380541631,5.408954354105454,0.5466072911052589,35.63540730704127,21.795651329658106,0.5466072911052589,1.2773907500086352,46.24960551409384,277,216,546,
69,6,9,300950878,GoalBias,True,8.703397380541631,5.408954354105454,0.5466072911052589,35.63540730704127,21.795651329658106,0.5466072911052589,0.3656579590169713,51.40247555576961,103,213,637,
69,6,9,300950878,GoalBias+Tangent,True,8.703397380541631,5.408954354105454,0.5466072911052589,35.63540730704127,21.795651329658106,0.5466072911052589,0.5914306659251451,56.7632115658592,137,347,711,
70,7,0,1975350455,Baseline,True,13.037047390830859,0.7170165075078451,0.6512906451492908,43.536932303325806,23.965337940458376,0.6512906451492908,2.9093554579885677,62.04796898549721,467,563,693,
70,7,0,1975350455,GoalBias,True,13.037047390830859,0.7170165075078451,0.6512906451492908,43.536932303325806,23.965337940458376,0.6512906451492908,0.7227907080668956,52.48854884358342,129,77,639,
70,7,0,1975350455,GoalBias+Tangent,True,13.037047390830859,0.7170165075078451,0.6512906451492908,43.536932303325806,23.965337940458376,0.6512906451492908,0.5614121670369059,59.73490531542597,162,308,746,
71,7,1,2116414007,Baseline,True,13.037047390830859,0.7170165075078451,0.8538995897677966,36.52479356325202,27.66510336305589,0.8538995897677966,1.1998364579631016,51.55245482881469,276,220,611,
71,7,1,2116414007,GoalBias,True,13.037047390830859,0.7170165075078451,0.8538995897677966,36.52479356325202,27.66510336305589,0.8538995897677966,0.7705860830610618,47.06385052860467,289,144,601,
71,7,1,2116414007,GoalBias+Tangent,True,13.037047390830859,0.7170165075078451,0.8538995897677966,36.52479356325202,27.66510336305589,0.8538995897677966,0.5282513750717044,62.8852159446208,135,291,760,
72,7,2,1236116483,Baseline,True,13.037047390830859,0.7170165075078451,0.9707822434032014,27.049089991906214,21.197743441899785,0.9707822434032014,0.8471197080798447,30.185613587641985,230,112,385,
72,7,2,1236116483,GoalBias,True,13.037047390830859,0.7170165075078451,0.9707822434032014,27.049089991906214,21.197743441899785,0.9707822434032014,0.8106275419704616,31.60031796024479,148,39,404,
72,7,2,1236116483,GoalBias+Tangent,True,13.037047390830859,0.7170165075078451,0.9707822434032014,27.049089991906214,21.197743441899785,0.9707822434032014,0.24506916699465364,36.67054664801117,86,22,461,
73,7,3,802087769,Baseline,True,13.037047390830859,0.7170165075078451,1.0407133164809945,28.33769613415263,26.826067642436417,1.0407133164809945,0.9319794159382582,34.83615370522374,230,111,412,
73,7,3,802087769,GoalBias,True,13.037047390830859,0.7170165075078451,1.0407133164809945,28.33769613415263,26.826067642436417,1.0407133164809945,7.976437041070312,41.7926444769363,285,43,503,
73,7,3,802087769,GoalBias+Tangent,True,13.037047390830859,0.7170165075078451,1.0407133164809945,28.33769613415263,26.826067642436417,1.0407133164809945,0.3066025839652866,45.81795108455418,94,50,585,
74,7,4,339755590,Baseline,True,13.037047390830859,0.7170165075078451,1.0532273135903303,25.79721209379483,23.129285095962924,1.0532273135903303,0.7554224170744419,49.65964185051393,211,124,618,
74,7,4,339755590,GoalBias,True,13.037047390830859,0.7170165075078451,1.0532273135903303,25.79721209379483,23.129285095962924,1.0532273135903303,0.8215104159899056,32.141694558371974,251,42,400,
74,7,4,339755590,GoalBias+Tangent,True,13.037047390830859,0.7170165075078451,1.0532273135903303,25.79721209379483,23.129285095962924,1.0532273135903303,0.25766304205171764,45.87880181619662,85,42,582,
75,7,5,572043098,Baseline,True,13.037047390830859,0.7170165075078451,0.9990063029302414,29.58524851460567,26.433070902339733,0.9990063029302414,0.9468276670668274,49.9314775291437,240,129,624,
75,7,5,572043098,GoalBias,True,13.037047390830859,0.7170165075078451,0.9990063029302414,29.58524851460567,26.433070902339733,0.9990063029302414,0.3043432499980554,46.11373414848086,93,130,580,
75,7,5,572043098,GoalBias+Tangent,True,13.037047390830859,0.7170165075078451,0.9990063029302414,29.58524851460567,26.433070902339733,0.9990063029302414,0.3389239580137655,48.67057655398489,231,42,592,
76,7,6,1286420198,Baseline,True,13.037047390830859,0.7170165075078451,0.7246514317118669,42.829982474122566,27.093631695563825,0.7246514317118669,1.9632435000967234,53.14872713481521,364,395,599,
76,7,6,1286420198,GoalBias,True,13.037047390830859,0.7170165075078451,0.7246514317118669,42.829982474122566,27.093631695563825,0.7246514317118669,0.7760664169909433,55.86738379948716,319,363,694,
76,7,6,1286420198,GoalBias+Tangent,True,13.037047390830859,0.7170165075078451,0.7246514317118669,42.829982474122566,27.093631695563825,0.7246514317118669,0.34211037505883723,47.92076816430244,117,124,595,
77,7,7,670652653,Baseline,True,13.037047390830859,0.7170165075078451,1.184037961431903,22.66510658510346,24.357464868132716,1.184037961431903,0.9934199169510975,41.01301664575657,243,190,508,
77,7,7,670652653,GoalBias,True,13.037047390830859,0.7170165075078451,1.184037961431903,22.66510658510346,24.357464868132716,1.184037961431903,0.39657383295707405,36.142613932838415,110,253,462,
77,7,7,670652653,GoalBias+Tangent,True,13.037047390830859,0.7170165075078451,1.184037961431903,22.66510658510346,24.357464868132716,1.184037961431903,0.3010527080623433,44.05825311851036,102,73,559,
78,7,8,221381450,Baseline,True,13.037047390830859,0.7170165075078451,0.8153368948756352,32.29498145791376,21.164021366355975,0.8153368948756352,0.8136653751134872,38.95119994121629,225,103,493,
78,7,8,221381450,GoalBias,True,13.037047390830859,0.7170165075078451,0.8153368948756352,32.29498145791376,21.164021366355975,0.8153368948756352,0.25849779101554304,28.36885328790174,93,58,362,
78,7,8,221381450,GoalBias+Tangent,True,13.037047390830859,0.7170165075078451,0.8153368948756352,32.29498145791376,21.164021366355975,0.8153368948756352,0.3304237499833107,44.578446527938816,101,89,557,
79,7,9,142186886,Baseline,True,13.037047390830859,0.7170165075078451,0.750617559677234,35.63540730704127,21.795651329658106,0.750617559677234,0.9717614590190351,43.12576367945927,224,143,548,
79,7,9,142186886,GoalBias,True,13.037047390830859,0.7170165075078451,0.750617559677234,35.63540730704127,21.795651329658106,0.750617559677234,0.2408339160028845,42.17044856333599,82,102,538,
79,7,9,142186886,GoalBias+Tangent,True,13.037047390830859,0.7170165075078451,0.750617559677234,35.63540730704127,21.795651329658106,0.750617559677234,0.6603869169484824,58.58450803124089,152,335,706,
80,8,0,1811525145,Baseline,True,12.117126903543477,4.859174097821935,0.5463489976462732,43.536932303325806,23.965337940458376,0.5463489976462732,1.725212458986789,50.59165297464652,332,268,570,
80,8,0,1811525145,GoalBias,True,12.117126903543477,4.859174097821935,0.5463489976462732,43.536932303325806,23.965337940458376,0.5463489976462732,0.6123149578925222,53.687301790099106,299,275,669,
80,8,0,1811525145,GoalBias+Tangent,True,12.117126903543477,4.859174097821935,0.5463489976462732,43.536932303325806,23.965337940458376,0.5463489976462732,0.4012576659442857,59.46653473127209,116,175,740,
81,8,1,1821655020,Baseline,True,12.117126903543477,4.859174097821935,0.7514858275151552,36.52479356325202,27.66510336305589,0.7514858275151552,0.8937578339828178,52.00556359538065,232,110,633,
81,8,1,1821655020,GoalBias,True,12.117126903543477,4.859174097821935,0.7514858275151552,36.52479356325202,27.66510336305589,0.7514858275151552,1.0254607499809936,47.405266777085075,284,133,577,
81,8,1,1821655020,GoalBias+Tangent,True,12.117126903543477,4.859174097821935,0.7514858275151552,36.52479356325202,27.66510336305589,0.7514858275151552,0.30467858305200934,69.84978040783648,96,115,881,
82,8,2,433746740,Baseline,True,12.117126903543477,4.859174097821935,0.8303497073321822,27.049089991906214,21.197743441899785,0.8303497073321822,0.8669679999584332,31.88549722996027,209,115,394,
82,8,2,433746740,GoalBias,True,12.117126903543477,4.859174097821935,0.8303497073321822,27.049089991906214,21.197743441899785,0.8303497073321822,0.5201766249956563,30.700180842825333,252,30,368,
82,8,2,433746740,GoalBias+Tangent,True,12.117126903543477,4.859174097821935,0.8303497073321822,27.049089991906214,21.197743441899785,0.8303497073321822,0.21891833294648677,31.072362829589494,79,29,371,
83,8,3,641517984,Baseline,True,12.117126903543477,4.859174097821935,0.9347543125638911,28.33769613415263,26.826067642436417,0.9347543125638911,1.490123666008003,43.14744823547868,294,318,523,
83,8,3,641517984,GoalBias,True,12.117126903543477,4.859174097821935,0.9347543125638911,28.33769613415263,26.826067642436417,0.9347543125638911,6.13271483394783,38.05438703081379,292,199,477,
83,8,3,641517984,GoalBias+Tangent,True,12.117126903543477,4.859174097821935,0.9347543125638911,28.33769613415263,26.826067642436417,0.9347543125638911,0.2964172080392018,50.53661048213883,98,70,612,
84,8,4,512446815,Baseline,True,12.117126903543477,4.859174097821935,0.9280837884810103,25.79721209379483,23.129285095962924,0.9280837884810103,1.1166195420082659,31.86167726726041,252,168,390,
84,8,4,512446815,GoalBias,True,12.117126903543477,4.859174097821935,0.9280837884810103,25.79721209379483,23.129285095962924,0.9280837884810103,0.6519426670856774,35.3322297414451,146,489,431,
84,8,4,512446815,GoalBias+Tangent,True,12.117126903543477,4.859174097821935,0.9280837884810103,25.79721209379483,23.129285095962924,0.9280837884810103,0.2175702500389889,38.44583051077157,80,21,489,
85,8,5,795652480,Baseline,True,12.117126903543477,4.859174097821935,0.8901760258951787,29.58524851460567,26.433070902339733,0.8901760258951787,0.8044198749121279,41.03112775373429,207,104,481,
85,8,5,795652480,GoalBias,True,12.117126903543477,4.859174097821935,0.8901760258951787,29.58524851460567,26.433070902339733,0.8901760258951787,1.5478028339566663,37.10927264947931,271,115,473,
85,8,5,795652480,GoalBias+Tangent,True,12.117126903543477,4.859174097821935,0.8901760258951787,29.58524851460567,26.433070902339733,0.8901760258951787,0.25417387508787215,45.22240973988065,95,53,571,
86,8,6,1874047604,Baseline,True,12.117126903543477,4.859174097821935,0.6266171667555831,42.829982474122566,27.093631695563825,0.6266171667555831,1.6187245410401374,57.83568195789981,314,272,684,
86,8,6,1874047604,GoalBias,True,12.117126903543477,4.859174097821935,0.6266171667555831,42.829982474122566,27.093631695563825,0.6266171667555831,1.6478693330427632,52.776419326251826,182,140,640,
86,8,6,1874047604,GoalBias+Tangent,True,12.117126903543477,4.859174097821935,0.6266171667555831,42.829982474122566,27.093631695563825,0.6266171667555831,0.26643291604705155,59.50859680945379,91,125,744,
87,8,7,972300331,Baseline,True,12.117126903543477,4.859174097821935,1.0749127850006648,22.66510658510346,24.357464868132716,1.0749127850006648,1.1083683330798522,41.5155528718158,246,151,493,
87,8,7,972300331,GoalBias,True,12.117126903543477,4.859174097821935,1.0749127850006648,22.66510658510346,24.357464868132716,1.0749127850006648,0.3665255419909954,43.42789611904204,101,174,551,
87,8,7,972300331,GoalBias+Tangent,True,12.117126903543477,4.859174097821935,1.0749127850006648,22.66510658510346,24.357464868132716,1.0749127850006648,0.9266629170160741,32.4169381595924,173,558,412,
88,8,8,1651469733,Baseline,True,12.117126903543477,4.859174097821935,0.6796341948016837,32.29498145791376,21.164021366355975,0.6796341948016837,0.6749848340405151,26.957704376961445,175,50,343,
88,8,8,1651469733,GoalBias,True,12.117126903543477,4.859174097821935,0.6796341948016837,32.29498145791376,21.164021366355975,0.6796341948016837,0.437072291970253,44.04644843585879,108,260,560,
88,8,8,1651469733,GoalBias+Tangent,True,12.117126903543477,4.859174097821935,0.6796341948016837,32.29498145791376,21.164021366355975,0.6796341948016837,0.3226092499680817,55.6400437340516,101,85,700,
89,8,9,1941289899,Baseline,True,12.117126903543477,4.859174097821935,0.6241158870606931,35.63540730704127,21.795651329658106,0.6241158870606931,1.839452457963489,37.3551949248866,343,319,433,
89,8,9,1941289899,GoalBias,True,12.117126903543477,4.859174097821935,0.6241158870606931,35.63540730704127,21.795651329658106,0.6241158870606931,5.6177826669299975,44.5736345667592,249,400,551,
89,8,9,1941289899,GoalBias+Tangent,True,12.117126903543477,4.859174097821935,0.6241158870606931,35.63540730704127,21.795651329658106,0.6241158870606931,0.7149880829965696,57.994370038495674,156,319,707,
90,9,0,2143361220,Baseline,True,1.0786637526173568,3.968371660477819,0.44016271111477323,43.536932303325806,23.965337940458376,0.44016271111477323,2.22955670801457,74.58113400944302,371,348,894,
90,9,0,2143361220,GoalBias,True,1.0786637526173568,3.968371660477819,0.44016271111477323,43.536932303325806,23.965337940458376,0.44016271111477323,0.9660774159710854,62.60953085670739,187,504,758,
90,9,0,2143361220,GoalBias+Tangent,True,1.0786637526173568,3.968371660477819,0.44016271111477323,43.536932303325806,23.965337940458376,0.44016271111477323,0.5927490420872346,67.16985532782675,143,298,811,
91,9,1,352782359,Baseline,True,1.0786637526173568,3.968371660477819,0.58929014008236,36.52479356325202,27.66510336305589,0.58929014008236,1.3421912079211324,54.448506786582705,305,238,645,
91,9,1,352782359,GoalBias,True,1.0786637526173568,3.968371660477819,0.58929014008236,36.52479356325202,27.66510336305589,0.58929014008236,10.095069166040048,48.78539610007583,271,57,621,
91,9,1,352782359,GoalBias+Tangent,True,1.0786637526173568,3.968371660477819,0.58929014008236,36.52479356325202,27.66510336305589,0.58929014008236,0.7905938749900088,69.3133466479079,152,393,846,
92,9,2,811976785,Baseline,True,1.0786637526173568,3.968371660477819,0.5857534564617932,27.049089991906214,21.197743441899785,0.5857534564617932,0.7221104169730097,35.99999999999995,193,54,458,
92,9,2,811976785,GoalBias,True,1.0786637526173568,3.968371660477819,0.5857534564617932,27.049089991906214,21.197743441899785,0.5857534564617932,1.0795994169311598,39.70963073767188,151,47,496,
92,9,2,811976785,GoalBias+Tangent,True,1.0786637526173568,3.968371660477819,0.5857534564617932,27.049089991906214,21.197743441899785,0.5857534564617932,0.23707691696472466,50.55048450440892,92,25,643,
93,9,3,330553426,Baseline,True,1.0786637526173568,3.968371660477819,0.6978012013764343,28.33769613415263,26.826067642436417,0.6978012013764343,0.8138012090930715,49.9572999005852,185,79,591,
93,9,3,330553426,GoalBias,True,1.0786637526173568,3.968371660477819,0.6978012013764343,28.33769613415263,26.826067642436417,0.6978012013764343,0.1871829170268029,42.96601845290316,75,17,547,
93,9,3,330553426,GoalBias+Tangent,True,1.0786637526173568,3.968371660477819,0.6978012013764343,28.33769613415263,26.826067642436417,0.6978012013764343,0.21846137498505414,43.07048903807752,77,23,532,
94,9,4,291522661,Baseline,True,1.0786637526173568,3.968371660477819,0.6594121317402681,25.79721209379483,23.129285095962924,0.6594121317402681,1.3772758330451325,42.27778503894996,290,248,533,
94,9,4,291522661,GoalBias,True,1.0786637526173568,3.968371660477819,0.6594121317402681,25.79721209379483,23.129285095962924,0.6594121317402681,0.8678580420091748,42.91850578621718,273,144,548,
94,9,4,291522661,GoalBias+Tangent,True,1.0786637526173568,3.968371660477819,0.6594121317402681,25.79721209379483,23.129285095962924,0.6594121317402681,0.33027704095002264,45.636347867218234,93,90,579,
95,9,5,1872697230,Baseline,True,1.0786637526173568,3.968371660477819,0.667413605614029,29.58524851460567,26.433070902339733,0.667413605614029,0.9566745420452207,40.756913448788026,237,117,488,
95,9,5,1872697230,GoalBias,True,1.0786637526173568,3.968371660477819,0.667413605614029,29.58524851460567,26.433070902339733,0.667413605614029,0.2376739999745041,40.097360705262034,87,60,511,
95,9,5,1872697230,GoalBias+Tangent,True,1.0786637526173568,3.968371660477819,0.667413605614029,29.58524851460567,26.433070902339733,0.667413605614029,0.43057920795399696,50.17472502624202,116,265,607,
96,9,6,1499600335,Baseline,True,1.0786637526173568,3.968371660477819,0.5058179425312357,42.829982474122566,27.093631695563825,0.5058179425312357,1.2980651250109076,61.76239698525388,282,180,682,
96,9,6,1499600335,GoalBias,True,1.0786637526173568,3.968371660477819,0.5058179425312357,42.829982474122566,27.093631695563825,0.5058179425312357,0.678497583954595,69.14508124795128,163,382,858,
96,9,6,1499600335,GoalBias+Tangent,True,1.0786637526173568,3.968371660477819,0.5058179425312357,42.829982474122566,27.093631695563825,0.5058179425312357,0.9675825840095058,73.40677864649062,189,459,846,
97,9,7,1790920584,Baseline,True,1.0786637526173568,3.968371660477819,0.7568809568008437,22.66510658510346,24.357464868132716,0.7568809568008437,0.93867591698654,38.03247022904846,238,201,420,
97,9,7,1790920584,GoalBias,True,1.0786637526173568,3.968371660477819,0.7568809568008437,22.66510658510346,24.357464868132716,0.7568809568008437,0.25178770790807903,30.674922962384272,79,15,379,
97,9,7,1790920584,GoalBias+Tangent,True,1.0786637526173568,3.968371660477819,0.7568809568008437,22.66510658510346,24.357464868132716,0.7568809568008437,0.410189124988392,43.664900302453034,121,165,554,
98,9,8,714186911,Baseline,True,1.0786637526173568,3.968371660477819,0.5034990356143703,32.29498145791376,21.164021366355975,0.5034990356143703,0.7509987090015784,64.77959975860962,194,73,769,
98,9,8,714186911,GoalBias,True,1.0786637526173568,3.968371660477819,0.5034990356143703,32.29498145791376,21.164021366355975,0.5034990356143703,0.3124425840796903,48.36864636118603,84,62,617,
98,9,8,714186911,GoalBias+Tangent,True,1.0786637526173568,3.968371660477819,0.5034990356143703,32.29498145791376,21.164021366355975,0.5034990356143703,0.39377495797816664,74.87719061576507,112,183,950,
99,9,9,687773035,Baseline,True,1.0786637526173568,3.968371660477819,0.47627410728202246,35.63540730704127,21.795651329658106,0.47627410728202246,1.0025466249790043,61.30195740949797,244,174,672,
99,9,9,687773035,GoalBias,True,1.0786637526173568,3.968371660477819,0.47627410728202246,35.63540730704127,21.795651329658106,0.47627410728202246,3.803767916979268,57.338497573732596,254,282,706,
99,9,9,687773035,GoalBias+Tangent,True,1.0786637526173568,3.968371660477819,0.47627410728202246,35.63540730704127,21.795651329658106,0.47627410728202246,0.5624523340957239,55.37700070551384,143,302,653,
