gap_width,map_seed,search_seed,method,success,planning_time,first_solution_iteration,node_count,path_length
2.5,0,1,RRT*,1,19.745376586914062,761,570,226.46737046482232
2.5,0,0,RRT*,1,20.438918113708496,921,656,111.1684839333983
2.5,0,0,Hybrid,1,26.16873288154602,665,473,189.27943859195156
2.5,0,1,GoalBias,1,16.429097175598145,988,506,220.0732519656376
2.5,0,0,GoalBias,0,,,,
2.5,0,1,Hybrid,1,18.858355045318604,653,453,189.69390234246308
2.5,0,2,Hybrid,1,2.93652081489563,134,143,146.17960400453336
2.5,0,3,RRT*,1,8.133440017700195,332,293,124.2725085857692
2.5,0,2,RRT*,1,23.344931840896606,907,637,194.63345185876236
2.5,0,3,Hybrid,1,3.326711893081665,151,163,190.4416986143739
2.5,0,4,RRT*,1,6.0420448780059814,256,259,128.3075937216363
2.5,0,4,Hybrid,1,2.980435848236084,130,161,141.67312840847418
2.5,0,2,GoalBias,1,23.25153160095215,1159,644,190.32316347805036
2.5,0,3,GoalBias,1,20.056517839431763,933,580,213.29372464102352
2.5,0,4,GoalBias,1,12.779072999954224,823,385,113.26013540098788
2.5,0,5,GoalBias,1,7.517539024353027,391,277,177.80745392094553
2.5,0,5,Hybrid,1,9.320677280426025,334,255,196.49588867177488
2.5,0,5,RRT*,1,14.784404039382935,589,457,211.30646036884536
2.5,0,6,GoalBias,1,7.49702787399292,364,274,191.54677068189295
2.5,0,7,GoalBias,1,10.012334823608398,477,335,128.65620038859868
2.5,0,6,Hybrid,1,15.856361865997314,471,368,214.19163145109093
2.5,0,7,RRT*,1,13.767682075500488,494,469,227.83730430351943
2.5,0,8,RRT*,1,10.403841018676758,490,392,183.57000949677794
2.5,0,6,RRT*,1,41.98641896247864,1113,856,209.70526980597242
2.5,0,8,Hybrid,1,18.337829113006592,643,407,187.3236584280649
2.5,0,7,Hybrid,1,32.87576484680176,579,426,178.79128659917876
2.5,0,9,RRT*,1,17.594497203826904,703,598,145.60963242381897
2.5,0,9,GoalBias,1,19.521199226379395,747,462,158.5381947838913
2.5,0,8,GoalBias,1,48.354931116104126,1488,746,168.51069281267272
2.5,0,9,Hybrid,1,19.73534321784973,563,413,207.5723145369514
2.5,1,0,RRT*,1,15.137881994247437,612,523,152.10532380060636
2.5,1,0,GoalBias,1,18.954495191574097,861,549,215.7270321664114
2.5,1,1,GoalBias,1,16.72428607940674,1017,503,229.80826941065934
2.5,1,1,RRT*,1,29.72678804397583,1096,773,196.01913133830772
2.5,1,2,RRT*,1,26.38687491416931,867,646,192.94269287806284
2.5,1,2,GoalBias,1,18.15687918663025,648,527,199.16952051070243
2.5,1,3,RRT*,1,23.66166090965271,819,624,205.92374050632145
2.5,1,0,Hybrid,1,73.85505485534668,718,577,202.66965940280983
2.5,1,3,GoalBias,1,13.750619888305664,698,425,176.6023442396999
2.5,1,4,RRT*,1,13.796833038330078,551,497,127.71107821394317
2.5,1,4,GoalBias,1,33.89451003074646,1272,730,181.37609736482
2.5,1,3,Hybrid,1,79.55928492546082,1084,726,114.68556456762693
2.5,1,5,RRT*,1,10.971378326416016,478,412,187.44904705294877
2.5,1,5,GoalBias,1,7.976580858230591,438,329,164.9620254396356
2.5,1,1,Hybrid,0,,,,
2.5,1,5,Hybrid,1,11.454185962677002,464,371,160.39333298220154
2.5,1,6,RRT*,1,16.212849140167236,599,496,219.06969877719914
2.5,1,6,GoalBias,1,20.77504301071167,981,617,208.9035984725415
2.5,1,2,Hybrid,1,160.25880408287048,1181,831,189.1359442710121
2.5,1,7,GoalBias,1,4.618721961975098,235,217,164.3492813250736
2.5,1,7,RRT*,1,12.8818359375,459,448,213.00352574151466
2.5,1,4,Hybrid,1,88.30001497268677,1479,797,114.05912486532722
2.5,1,7,Hybrid,1,13.67496919631958,468,365,243.5335025959863
2.5,1,8,RRT*,1,14.495859861373901,674,476,119.37337004398158
2.5,1,8,Hybrid,1,8.70554494857788,355,238,206.44356620776966
2.5,1,8,GoalBias,1,11.994585037231445,597,409,207.70614465302788
2.5,1,9,RRT*,1,8.769124984741211,435,355,155.64937298892542
2.5,2,0,RRT*,1,7.2975921630859375,349,316,129.46775508415865
2.5,1,9,Hybrid,1,17.8622887134552,640,405,216.35752197823223
2.5,2,0,Hybrid,1,9.984907865524292,468,273,174.91695180536226
2.5,2,0,GoalBias,1,14.95034408569336,758,478,213.25097774593613
2.5,2,1,GoalBias,1,4.216120004653931,193,212,142.99360112680594
2.5,1,6,Hybrid,0,,,,
2.5,1,9,GoalBias,0,,,,
2.5,2,1,RRT*,1,11.413342237472534,507,435,197.96504741346646
2.5,2,2,GoalBias,1,2.974699020385742,152,164,123.7370909698658
2.5,2,2,RRT*,1,7.162168979644775,409,307,150.64624311122978
2.5,2,3,RRT*,1,12.553534984588623,553,448,219.57488011381295
2.5,2,2,Hybrid,1,22.863911151885986,631,489,117.73145867302289
2.5,2,3,GoalBias,1,23.09431028366089,932,606,227.65722035051675
2.5,2,3,Hybrid,1,13.996987104415894,622,345,110.57255893061377
2.5,2,1,Hybrid,1,46.42201900482178,1280,594,185.36924978735044
2.5,2,4,RRT*,1,17.33657717704773,708,581,130.5863125637154
2.5,2,4,Hybrid,1,13.38504409790039,402,325,115.53361493251069
2.5,2,4,GoalBias,1,18.044731855392456,794,558,215.7509737144678
2.5,2,5,GoalBias,1,7.7294111251831055,428,283,190.08628575451561
2.5,2,5,RRT*,1,14.109314203262329,501,541,183.93088915473507
2.5,2,5,Hybrid,1,12.011433839797974,511,337,170.15708984416437
2.5,2,6,GoalBias,1,7.2939677238464355,373,295,190.83991015022121
2.5,2,7,RRT*,1,13.428557872772217,540,462,194.412817849993
2.5,2,7,GoalBias,1,16.839536905288696,842,450,194.36219771781214
2.5,2,8,RRT*,1,11.62008285522461,490,376,195.09756900975964
2.5,2,6,RRT*,1,38.37397313117981,1500,806,148.72483410628698
2.5,2,6,Hybrid,1,32.21503806114197,482,411,250.59166017189156
2.5,2,9,RRT*,1,8.36009430885315,371,341,211.12233264565035
2.5,2,8,GoalBias,1,19.937262058258057,884,561,225.89381545284164
2.5,2,8,Hybrid,1,24.05905818939209,714,424,203.38207008280705
2.5,2,9,GoalBias,1,16.028005838394165,797,467,194.47077316459146
2.5,3,0,RRT*,1,6.903631210327148,349,294,129.46775508415865
2.5,3,0,GoalBias,1,13.848602771759033,904,454,173.7846707714355
2.5,2,7,Hybrid,1,62.812697887420654,1312,703,197.5848603786727
2.5,3,0,Hybrid,1,15.576375246047974,350,290,184.6673151210533
2.5,3,1,RRT*,1,11.308767795562744,588,443,189.29342804726275
2.5,3,1,GoalBias,1,5.273833990097046,273,249,137.79138539417167
2.5,3,2,GoalBias,1,2.9847171306610107,152,166,123.7370909698658
2.5,3,2,RRT*,1,9.048094034194946,401,349,123.09075198573998
2.5,3,1,Hybrid,1,16.370028972625732,431,344,193.30583877589788
2.5,3,2,Hybrid,1,8.288119792938232,264,222,216.77695595030713
2.5,3,3,Hybrid,1,7.854148864746094,354,241,217.95046376103346
2.5,3,3,RRT*,1,15.823758125305176,642,503,231.36467407999822
2.5,3,4,RRT*,1,9.28808879852295,364,387,123.933854441765
2.5,3,4,GoalBias,1,12.238680124282837,588,413,234.5730639369047
2.5,3,3,GoalBias,1,29.175886631011963,1116,639,181.54863545890456
2.5,3,5,GoalBias,1,7.3396689891815186,388,288,173.35708433453067
2.5,3,5,RRT*,1,14.800103187561035,501,541,185.5182318008875
2.5,3,6,RRT*,1,14.757429122924805,625,491,184.77988082558758
2.5,3,4,Hybrid,1,38.00034713745117,712,551,198.5776940704243
2.5,3,6,GoalBias,1,7.1257851123809814,385,286,184.23640889654425
2.5,3,7,RRT*,1,9.859755992889404,403,348,212.50277620547874
2.5,3,6,Hybrid,1,33.11947202682495,392,361,115.22593342002297
2.5,3,7,GoalBias,1,22.748568773269653,958,575,186.01361454024098
2.5,3,5,Hybrid,1,59.33940315246582,1145,733,183.1471937955642
2.5,2,9,Hybrid,0,,,,
2.5,3,8,RRT*,1,11.030736207962036,490,378,195.09756900975964
2.5,3,8,Hybrid,1,13.633588075637817,600,361,184.04339535828987
2.5,3,8,GoalBias,1,30.83017325401306,1121,685,214.63362418691327
2.5,3,9,GoalBias,1,24.184909105300903,1118,589,208.54625670529157
2.5,3,9,RRT*,1,29.921597242355347,1113,784,214.9969040921458
2.5,3,9,Hybrid,1,15.982323169708252,434,382,199.80392403383993
2.5,4,0,GoalBias,1,11.173573017120361,674,403,191.8329580667574
2.5,4,1,RRT*,1,18.72644567489624,861,556,179.81091132183008
2.5,4,0,Hybrid,1,23.616976976394653,1145,525,228.02360055342675
2.5,4,1,GoalBias,1,2.705828905105591,70,149,109.66155683790831
2.5,4,0,RRT*,0,,,,
2.5,4,2,GoalBias,1,12.089816093444824,757,405,229.26274472148182
2.5,4,1,Hybrid,1,19.63945698738098,699,438,228.00513905730313
2.5,4,2,Hybrid,1,11.397047758102417,345,304,233.9243426723894
2.5,4,3,GoalBias,1,2.8681998252868652,143,160,121.17179443055865
2.5,4,3,RRT*,1,17.750366926193237,765,611,150.5265245932289
2.5,4,2,RRT*,1,38.48206686973572,1360,1068,268.6458514465813
2.5,4,4,RRT*,1,9.4201979637146,470,360,152.63509029830954
2.5,4,4,Hybrid,1,2.661975860595703,210,145,155.4818878531624
2.5,4,3,Hybrid,1,20.389190196990967,875,460,140.5209573198896
2.5,4,5,RRT*,1,7.284998178482056,292,336,139.4610318471527
2.5,4,4,GoalBias,1,22.342548370361328,1232,669,240.60883788161465
2.5,4,5,Hybrid,1,12.623907804489136,499,310,197.15727209687012
2.5,4,5,GoalBias,1,18.484941244125366,699,550,183.92131500713649
2.5,3,7,Hybrid,1,166.0448398590088,1056,772,142.64772491128883
2.5,4,6,GoalBias,1,19.655512809753418,1086,581,170.96796906615174
2.5,4,6,Hybrid,1,31.05341386795044,754,547,154.0172137255699
2.5,4,7,RRT*,1,14.152698755264282,519,461,205.1468977480561
2.5,4,7,GoalBias,1,20.480727195739746,1028,618,166.20269447579892
2.5,4,6,RRT*,0,,,,
2.5,4,8,Hybrid,1,6.459339141845703,460,284,201.1079191153766
2.5,4,8,RRT*,1,19.437560081481934,803,600,245.10729202859855
2.5,4,7,Hybrid,1,30.060009002685547,917,561,203.42154981638853
2.5,4,9,RRT*,1,14.381879806518555,634,516,227.83410478299945
2.5,4,8,GoalBias,1,23.90767478942871,997,592,208.05992761794582
3.5,0,0,GoalBias,1,3.19696307182312,130,157,150.17853084718675
2.5,4,9,GoalBias,1,23.311471939086914,1022,572,152.70376502596326
3.5,0,0,RRT*,1,14.26674771308899,731,494,140.74721126225944
3.5,0,0,Hybrid,1,11.080955028533936,377,300,188.67179389634288
3.5,0,1,Hybrid,1,8.971549034118652,364,276,185.65142478976975
3.5,0,1,GoalBias,1,16.886528968811035,1259,500,189.93043155333982
2.5,4,9,Hybrid,1,32.05749034881592,615,479,198.96485455503094
3.5,0,2,Hybrid,1,1.879673957824707,95,122,104.59183207277934
3.5,0,1,RRT*,1,21.95472502708435,879,683,210.74769688553627
3.5,0,3,GoalBias,1,2.380491018295288,117,144,135.9681563203275
3.5,0,3,Hybrid,1,4.574074029922485,204,204,186.85169694686513
3.5,0,3,RRT*,1,8.82162618637085,380,363,123.75092981980279
3.5,0,2,RRT*,1,17.57277011871338,707,528,211.64976687842437
3.5,0,2,GoalBias,1,13.172417640686035,945,460,191.93979828111526
3.5,0,4,Hybrid,1,8.919585943222046,515,281,204.16360686209742
3.5,0,5,GoalBias,1,6.7103588581085205,391,277,177.80745392094553
3.5,0,4,RRT*,1,19.416581869125366,646,684,136.19646505828177
3.5,0,4,GoalBias,1,25.486382961273193,1298,643,190.73275037430278
3.5,0,5,Hybrid,1,9.93648099899292,419,324,195.64967845458148
3.5,0,5,RRT*,1,25.98111915588379,1086,724,162.1646383045682
3.5,0,6,Hybrid,1,5.472830295562744,220,229,154.83377436461555
3.5,0,6,GoalBias,1,6.708577871322632,364,271,188.41289073982531
3.5,0,6,RRT*,1,14.083673000335693,625,480,240.31203841413515
3.5,0,7,Hybrid,1,2.058886766433716,104,108,132.8556802039289
3.5,0,7,GoalBias,1,3.707754135131836,176,180,117.0229708818374
3.5,0,8,Hybrid,1,2.1533455848693848,117,129,136.75342907359055
3.5,0,8,GoalBias,1,3.242543935775757,129,175,124.80497157567711
3.5,0,7,RRT*,1,12.672676801681519,494,469,227.83730430351943
3.5,0,9,RRT*,1,8.343711137771606,398,376,162.1268768096335
3.5,0,8,RRT*,1,13.408658027648926,614,494,186.22575176683404
3.5,0,9,GoalBias,1,17.90686583518982,883,506,180.65298013470834
3.5,1,0,RRT*,1,14.249017000198364,612,525,150.3195255469837
3.5,1,0,Hybrid,1,8.166626930236816,177,197,119.29014387063081
3.5,0,9,Hybrid,1,24.611618041992188,579,424,189.92068246919075
3.5,1,0,GoalBias,1,18.743035078048706,877,557,216.94545479112344
3.5,1,2,RRT*,1,8.063846826553345,401,333,147.75191146843352
3.5,1,1,RRT*,1,15.896039962768555,667,526,181.96810935296844
3.5,1,2,Hybrid,1,8.576504230499268,145,187,103.60561011171218
3.5,1,1,GoalBias,1,21.546679973602295,969,677,154.01507577934012
3.5,1,3,GoalBias,1,2.3271288871765137,71,138,105.7446552741936
3.5,1,3,Hybrid,1,1.3655149936676025,48,90,130.82495999886407
3.5,1,2,GoalBias,1,16.454638242721558,648,528,199.16952051070243
3.5,1,4,RRT*,1,14.52938961982727,507,563,135.26137666610072
3.5,1,3,RRT*,1,20.51326584815979,765,573,241.9098581056003
3.5,1,4,GoalBias,1,24.02954387664795,1006,551,112.84925998606509
3.5,1,5,GoalBias,1,9.501579999923706,442,350,197.03673769265995
3.5,1,5,Hybrid,1,7.634304046630859,328,272,172.3246913058541
3.5,1,5,RRT*,1,27.88143014907837,1253,817,252.8763624602195
3.5,1,6,GoalBias,1,3.680058002471924,162,186,130.43601213289006
3.5,1,6,RRT*,1,14.464704036712646,543,473,187.4789376670613
3.5,1,1,Hybrid,1,93.9560718536377,804,588,157.30897533428166
3.5,1,7,GoalBias,1,2.358806848526001,57,133,146.2978908713713
3.5,1,7,RRT*,1,16.8620388507843,571,541,204.2236930924053
3.5,1,6,Hybrid,1,26.936924934387207,376,292,128.2492666073758
3.5,1,7,Hybrid,1,4.510707139968872,172,168,123.52074599865675
3.5,1,8,Hybrid,1,2.577241897583008,134,147,111.26496081864848
3.5,1,8,RRT*,1,8.827629089355469,341,317,191.3340610325312
3.5,1,9,GoalBias,1,2.5788516998291016,127,143,155.82128095946632
3.5,1,8,GoalBias,1,12.975507974624634,689,423,177.17574488305996
3.5,1,9,RRT*,1,8.173078060150146,415,339,139.01766160254198
3.5,2,0,GoalBias,1,2.4614059925079346,73,123,122.38320865031206
3.5,2,0,Hybrid,1,2.553164005279541,105,119,109.73222102150078
3.5,1,9,Hybrid,1,15.024540901184082,636,358,188.73365397681047
3.5,2,0,RRT*,1,13.06496810913086,596,467,248.09252091313206
3.5,2,1,GoalBias,1,2.770421028137207,70,150,105.97168413031979
3.5,2,1,RRT*,1,12.359323978424072,559,475,188.58649316170437
3.5,2,1,Hybrid,1,4.903781175613403,195,197,155.08459059563728
3.5,2,2,GoalBias,1,2.8443920612335205,75,161,113.15442343524875
3.5,2,2,RRT*,1,8.657755136489868,401,388,160.4927443084618
3.5,2,2,Hybrid,1,8.940820932388306,249,224,138.9134647574818
3.5,2,3,Hybrid,1,2.629061222076416,129,122,127.90830746779672
3.5,2,3,RRT*,1,13.787827968597412,603,473,240.60834173461285
3.5,2,4,RRT*,1,8.72825312614441,434,333,147.10898391168138
3.5,2,3,GoalBias,1,16.958059072494507,793,482,203.73256370087714
3.5,2,4,GoalBias,1,8.782471895217896,251,300,140.82201391005776
3.5,2,5,RRT*,1,4.37438178062439,168,251,125.04009238112717
3.5,2,5,GoalBias,1,6.886574029922485,393,270,211.50904651988867
3.5,2,4,Hybrid,1,12.610774755477905,374,320,114.29895630071063
3.5,2,5,Hybrid,1,10.659028053283691,437,330,161.95064166416606
3.5,2,6,GoalBias,1,6.881157159805298,373,285,190.83991015022121
3.5,2,7,RRT*,1,14.98707890510559,607,516,183.765263809941
3.5,2,6,RRT*,1,37.60487198829651,1484,831,187.78946025161363
3.5,2,7,Hybrid,1,8.410300254821777,233,202,147.89656620215916
3.5,2,7,GoalBias,1,30.10723304748535,1326,719,222.2408734953776
3.5,2,8,GoalBias,1,17.019702672958374,849,493,237.11266449799047
3.5,2,8,Hybrid,1,4.2314980030059814,190,170,149.90194255707115
3.5,2,8,RRT*,1,28.13936495780945,1058,715,136.15789244066656
3.5,2,9,RRT*,1,8.499199867248535,415,367,236.90673984492645
3.5,2,9,GoalBias,1,9.113077163696289,538,317,115.1195274232351
3.5,3,0,RRT*,1,6.747269153594971,349,299,129.46775508415865
3.5,3,0,GoalBias,1,2.4122512340545654,73,136,117.77745492075731
3.5,2,6,Hybrid,1,87.15137887001038,640,537,153.77435785195038
3.5,2,9,Hybrid,1,12.615476369857788,239,264,151.53605472552178
3.5,3,1,GoalBias,1,2.927940845489502,70,151,109.66155683790831
3.5,3,0,Hybrid,1,5.9043288230896,275,215,205.24858530731814
3.5,3,1,RRT*,1,10.843920707702637,588,435,205.4480176888857
3.5,3,2,RRT*,1,7.66023588180542,322,339,150.29727120704197
3.5,3,2,GoalBias,1,2.888397693634033,75,159,113.15442343524875
3.5,3,2,Hybrid,1,3.6318719387054443,143,165,145.84943032156903
3.5,3,3,RRT*,1,15.40756607055664,642,500,231.36467407999822
3.5,3,3,Hybrid,1,7.924537897109985,354,241,217.51753966824856
3.5,3,4,RRT*,1,7.593821048736572,364,336,148.184445211143
3.5,3,3,GoalBias,1,33.70366811752319,1204,719,219.5385642436227
3.5,3,4,GoalBias,1,7.434652090072632,387,283,221.1678087907022
3.5,3,4,Hybrid,1,3.377401113510132,170,165,124.84918837337074
3.5,3,5,RRT*,1,4.375020980834961,168,251,125.04009238112717
3.5,3,5,GoalBias,1,6.196053981781006,340,266,169.845175548223
3.5,3,6,RRT*,1,14.293616771697998,625,491,184.77988082558758
3.5,3,6,GoalBias,1,5.700713396072388,302,250,136.64820834279666
3.5,3,5,Hybrid,1,23.82504177093506,687,514,164.84787428782752
3.5,3,6,Hybrid,1,14.854499816894531,326,289,161.1392461344939
3.5,3,7,RRT*,1,14.510140895843506,556,466,174.1641825490561
3.5,3,7,GoalBias,1,4.7756123542785645,177,211,110.92370986839322
3.5,3,7,Hybrid,1,12.394794940948486,294,295,117.62719285677966
3.5,3,8,RRT*,1,11.557936191558838,490,405,195.09756900975964
3.5,3,8,Hybrid,1,3.2055492401123047,188,164,162.1347460366201
3.5,3,8,GoalBias,1,29.700132846832275,1117,751,207.19152466961208
3.5,3,9,RRT*,1,25.57917094230652,983,672,192.0664182777064
3.5,3,9,GoalBias,1,9.565245389938354,538,314,115.1195274232351
3.5,3,9,Hybrid,1,19.63363766670227,981,444,221.30616354144416
3.5,4,0,RRT*,1,18.01281213760376,816,558,122.74055700951352
3.5,4,0,GoalBias,1,11.437198877334595,674,404,191.8329580667574
3.5,4,1,RRT*,1,18.997055053710938,880,551,192.11060415369892
3.5,4,1,GoalBias,1,2.6563141345977783,70,142,109.66155683790831
3.5,4,1,Hybrid,1,3.835164785385132,169,187,147.50057641822215
3.5,4,2,RRT*,1,6.170245885848999,291,260,117.31884668832053
3.5,4,2,GoalBias,1,11.605371952056885,661,418,189.0490334636803
3.5,3,1,Hybrid,1,209.80542612075806,1329,984,202.1045253439889
3.5,4,3,RRT*,1,8.040886163711548,407,329,114.11383673009992
3.5,4,2,Hybrid,1,10.32854700088501,265,267,136.43348962820505
3.5,4,3,GoalBias,1,2.171034097671509,54,130,153.58629812798233
3.5,4,3,Hybrid,1,3.415461778640747,183,149,114.64757904153734
3.5,4,4,RRT*,1,7.709583044052124,265,325,164.54735228852175
3.5,4,4,Hybrid,1,3.8283438682556152,174,160,87.06567747960867
3.5,4,5,RRT*,1,8.899847030639648,388,345,157.5181726023842
3.5,4,4,GoalBias,1,20.129114866256714,1190,583,185.2769209175649
3.5,4,5,Hybrid,1,5.960188865661621,222,227,164.7324915514648
3.5,4,0,Hybrid,1,102.34404397010803,888,701,198.80999389949963
3.5,4,5,GoalBias,1,21.690272092819214,759,585,197.97846430094697
3.5,1,4,Hybrid,0,,,,
3.5,4,6,GoalBias,1,11.056167125701904,548,368,119.57065315902057
3.5,4,7,GoalBias,1,2.290919303894043,43,124,143.31661889590205
3.5,4,6,Hybrid,1,16.147121906280518,329,287,139.09668476567816
3.5,4,7,Hybrid,1,3.593319892883301,189,164,148.98768601416978
3.5,4,7,RRT*,1,14.336827993392944,546,479,210.98912772991798
3.5,4,8,Hybrid,1,4.914298057556152,295,191,129.4604039506608
3.5,4,6,RRT*,0,,,,
3.5,4,8,RRT*,1,21.229074954986572,803,619,240.59646913427113
3.5,4,9,RRT*,1,22.18881607055664,965,711,211.3788925708027
3.5,4,9,GoalBias,1,16.02512001991272,682,523,145.03718995811423
4.5,0,0,GoalBias,1,2.601987838745117,73,141,155.59253907504421
3.5,4,8,GoalBias,1,34.50422406196594,1358,831,206.45473453268556
3.5,4,9,Hybrid,1,15.695841073989868,318,314,142.63810441414617
4.5,0,0,Hybrid,1,6.038185358047485,221,216,134.9330528662182
4.5,0,0,RRT*,1,12.167695999145508,458,498,173.6586740726722
4.5,0,1,Hybrid,1,9.226824045181274,336,263,115.61061421651304
4.5,0,2,RRT*,1,7.504853010177612,322,346,155.00469202165968
4.5,0,1,RRT*,1,14.015295028686523,587,454,214.3761407401818
4.5,0,2,Hybrid,1,2.3954391479492188,127,141,124.79440872267972
4.5,0,3,GoalBias,1,2.43247389793396,103,139,142.8506981454411
4.5,0,1,GoalBias,1,17.90095567703247,1259,505,189.93043155333982
4.5,0,2,GoalBias,1,13.986226081848145,945,463,236.48727108658005
4.5,0,3,Hybrid,1,13.534698009490967,412,332,193.35399969494944
4.5,0,3,RRT*,1,21.70431423187256,765,752,138.5233551454308
4.5,0,4,RRT*,1,19.36616086959839,646,682,136.19646505828177
4.5,0,4,GoalBias,1,16.295970678329468,986,495,194.41768991449177
4.5,0,5,GoalBias,1,6.539795875549316,391,281,177.80745392094553
4.5,0,4,Hybrid,1,14.190623044967651,449,328,190.65827407492117
4.5,0,5,Hybrid,1,3.564915895462036,207,183,161.01802100432096
4.5,0,5,RRT*,1,12.804771900177002,542,491,173.26064968514052
4.5,0,6,Hybrid,1,4.772796869277954,228,215,120.758943054565
4.5,0,6,GoalBias,1,6.0382771492004395,375,268,158.8177879002381
4.5,0,7,GoalBias,1,2.1278469562530518,48,122,139.3418849114037
4.5,0,7,Hybrid,1,3.466832160949707,104,124,132.9007649730199
4.5,0,8,GoalBias,1,2.8819198608398438,108,169,111.7680176508394
4.5,0,6,RRT*,1,13.844216108322144,625,477,184.7888642744165
4.5,0,8,Hybrid,1,1.8999319076538086,94,124,166.2600950752092
4.5,0,7,RRT*,1,11.6323881149292,519,414,195.97687748859286
4.5,0,8,RRT*,1,12.98921012878418,567,485,156.67942616808162
4.5,0,9,RRT*,1,9.420226097106934,398,450,147.38836007970568
4.5,0,9,Hybrid,1,8.808537244796753,306,245,173.8373817856682
4.5,1,0,RRT*,1,6.337508201599121,285,288,122.88226079782997
4.5,0,9,GoalBias,1,16.476346969604492,844,490,160.04825696905888
4.5,1,0,GoalBias,1,9.035120964050293,569,358,216.46784531821814
4.5,1,0,Hybrid,1,9.6929190158844,290,269,135.44014978559545
4.5,1,1,Hybrid,1,2.5384650230407715,97,138,133.88514797043223
4.5,1,2,RRT*,1,7.967804908752441,427,357,159.3097091182483
4.5,1,1,RRT*,1,14.810924053192139,667,528,180.62521810425187
4.5,1,1,GoalBias,1,11.384886026382446,651,392,156.69274179602834
4.5,1,2,Hybrid,1,2.220391273498535,88,103,132.5059535470146
4.5,1,2,GoalBias,1,9.777117013931274,476,339,139.77652261695508
4.5,1,3,RRT*,1,8.440793991088867,322,351,98.04101084395003
4.5,1,3,GoalBias,1,9.237948894500732,582,345,189.44094286469496
4.5,1,4,GoalBias,1,2.5328972339630127,89,148,117.05146129984627
4.5,1,4,Hybrid,1,2.2323338985443115,118,144,138.03955740766438
4.5,1,3,Hybrid,1,11.094208002090454,487,313,200.00031648585235
4.5,1,4,RRT*,1,14.0814049243927,507,557,135.26137666610072
4.5,1,6,RRT*,1,4.158293962478638,128,202,139.4609741803086
4.5,1,5,GoalBias,1,9.410494089126587,442,353,197.03673769265995
4.5,1,6,GoalBias,1,2.8585939407348633,110,154,143.5731223897454
4.5,1,6,Hybrid,1,7.010364294052124,368,260,184.06068013784463
4.5,1,7,GoalBias,1,2.1766679286956787,47,133,123.92465994826769
4.5,1,7,RRT*,1,14.936326265335083,504,502,243.36903237689472
4.5,1,7,Hybrid,1,9.005216121673584,370,268,194.01250262888811
4.5,1,5,RRT*,1,28.58098602294922,1253,857,252.8763624602195
4.5,1,8,Hybrid,1,2.519972085952759,129,138,161.79684694172693
4.5,1,8,GoalBias,1,4.786922931671143,256,204,150.1463013895125
4.5,1,5,Hybrid,1,33.99357795715332,719,521,145.90577379159325
4.5,1,8,RRT*,1,8.721370220184326,318,292,175.89576890511228
4.5,1,9,RRT*,1,11.017704010009766,468,412,154.38475147108224
4.5,2,0,RRT*,1,6.665218114852905,296,301,148.98368157167192
4.5,2,0,GoalBias,1,2.4612679481506348,73,123,122.38320865031206
4.5,2,0,Hybrid,1,2.815335988998413,110,132,120.49523014339823
4.5,2,1,GoalBias,1,2.7914812564849854,70,148,105.97168413031979
4.5,1,9,Hybrid,1,17.880075216293335,717,401,244.61292817944363
4.5,2,1,RRT*,1,12.922313213348389,559,478,203.17856279136126
4.5,1,9,GoalBias,1,25.252710103988647,1188,720,225.56273200488098
4.5,2,2,GoalBias,1,1.9974799156188965,41,120,115.07355094014912
4.5,2,2,RRT*,1,9.53544306755066,401,410,160.4927443084618
4.5,2,1,Hybrid,1,14.438130140304565,511,327,189.68077978203652
4.5,2,3,Hybrid,1,1.6821680068969727,48,90,152.77585566903142
4.5,2,3,GoalBias,1,6.884941816329956,391,263,143.57477525467684
4.5,2,4,GoalBias,1,9.089093923568726,251,295,140.82201391005776
4.5,2,4,RRT*,1,14.92257809638977,612,516,172.21881615900796
4.5,2,3,RRT*,1,28.708734035491943,976,756,220.9283836579306
4.5,2,5,RRT*,1,10.2912757396698,505,382,144.86299137870057
4.5,2,4,Hybrid,1,13.095412015914917,381,324,124.01259154390407
4.5,2,5,GoalBias,1,6.908865213394165,393,276,211.50904651988867
4.5,2,5,Hybrid,1,11.378854990005493,472,371,198.56118698593664
4.5,2,6,GoalBias,1,6.866399049758911,373,285,190.83991015022121
4.5,2,6,RRT*,1,19.062201023101807,900,572,158.15038615847232
4.5,2,7,RRT*,1,13.290769100189209,586,433,236.01300802888701
4.5,2,7,Hybrid,1,3.079921245574951,139,148,137.39556311757022
4.5,2,7,GoalBias,1,8.014032125473022,274,327,149.5516028086501
4.5,2,8,RRT*,1,8.195196866989136,398,314,146.58876458420986
4.5,2,8,Hybrid,1,4.686100006103516,207,190,214.36127237449702
4.5,2,8,GoalBias,1,17.407227993011475,913,490,187.7419232683755
4.5,2,9,RRT*,1,7.798351764678955,391,322,206.8150953060971
4.5,2,9,GoalBias,1,7.575588226318359,481,295,121.64904079142431
4.5,2,9,Hybrid,1,6.947010040283203,152,179,134.70741393471994
4.5,3,0,GoalBias,1,2.36142897605896,73,135,117.77745492075731
4.5,3,0,RRT*,1,6.0271711349487305,296,281,149.04021657000823
4.5,3,0,Hybrid,1,2.699079990386963,112,140,114.94779602621037
4.5,3,1,GoalBias,1,2.477839946746826,56,139,107.21406340509438
4.5,3,1,RRT*,1,12.888858795166016,700,480,174.9850433781209
4.5,3,2,RRT*,1,9.353550910949707,401,395,160.4927443084618
4.5,3,1,Hybrid,1,18.36000680923462,587,388,118.54364136977101
4.5,3,2,GoalBias,1,1.9808440208435059,41,119,115.07355094014912
4.5,2,6,Hybrid,1,77.0295569896698,613,495,134.7801155663348
4.5,3,3,GoalBias,1,2.2933409214019775,70,143,130.26582900629356
4.5,3,3,Hybrid,1,2.2239198684692383,121,122,141.05564764011893
4.5,3,2,Hybrid,1,12.921352863311768,316,305,198.42094276197744
4.5,3,3,RRT*,1,15.365355014801025,642,507,216.3242378497408
4.5,3,4,GoalBias,1,8.542755842208862,251,288,140.82201391005776
4.5,3,4,RRT*,1,14.052639961242676,612,516,144.37939964787532
4.5,3,5,RRT*,1,4.480962038040161,168,248,124.65279717867902
4.5,3,5,Hybrid,1,3.8520660400390625,164,174,164.34786209651355
4.5,3,4,Hybrid,1,13.361556053161621,393,324,159.35888996555406
4.5,3,5,GoalBias,1,10.142223834991455,548,413,190.931842802655
4.5,3,6,GoalBias,1,5.417914152145386,302,250,136.64820834279666
4.5,3,6,RRT*,1,10.565109014511108,506,381,220.3661427099134
4.5,3,7,GoalBias,1,8.253824710845947,274,331,149.5516028086501
4.5,3,7,RRT*,1,12.933700799942017,540,464,194.412817849993
4.5,3,7,Hybrid,1,4.001115798950195,139,161,108.84313655169984
4.5,3,6,Hybrid,1,27.889631032943726,623,396,139.63425699881017
4.5,3,8,Hybrid,1,6.176996946334839,369,263,203.57928363118378
4.5,3,8,RRT*,1,22.210088968276978,803,719,140.8536667052798
4.5,3,9,RRT*,1,4.397073030471802,181,230,121.34921311891634
4.5,3,8,GoalBias,1,20.966700077056885,902,577,226.4093489430491
4.5,2,2,Hybrid,1,187.9111511707306,1100,895,141.33679893999903
4.5,4,0,GoalBias,1,2.3317198753356934,73,140,122.38320865031206
4.5,4,0,Hybrid,1,1.5134787559509277,70,109,107.76103184624013
4.5,3,9,GoalBias,1,8.464770793914795,481,300,121.64904079142431
4.5,4,0,RRT*,1,6.544722080230713,349,294,146.64997937746793
4.5,4,1,GoalBias,1,2.4820799827575684,70,142,109.66155683790831
4.5,3,9,Hybrid,1,8.894679069519043,224,252,182.6278966027341
4.5,4,2,GoalBias,1,2.828428030014038,82,164,117.74482084197638
4.5,4,2,Hybrid,1,1.6643199920654297,73,111,134.6596492341426
4.5,4,2,RRT*,1,8.23015809059143,377,384,115.23568268874496
4.5,4,3,GoalBias,1,1.9701340198516846,54,130,153.58629812798233
4.5,4,1,RRT*,1,15.157997131347656,793,534,226.58019959776624
4.5,4,1,Hybrid,1,14.394179821014404,377,341,210.52679561880745
4.5,4,3,Hybrid,1,2.7347118854522705,144,165,138.12618791725714
4.5,4,3,RRT*,1,9.178060054779053,407,429,142.72500134310079
4.5,4,4,GoalBias,1,2.2221879959106445,67,146,105.16625563446081
4.5,4,4,Hybrid,1,5.117416143417358,242,235,170.30940977433352
4.5,4,5,RRT*,1,9.978190898895264,501,445,183.9404823306953
4.5,4,5,GoalBias,1,13.488610982894897,775,484,180.2541794791536
4.5,4,4,RRT*,1,17.956692934036255,612,650,148.22327133037663
4.5,4,6,Hybrid,1,4.722557783126831,157,170,116.33357829270514
4.5,4,6,GoalBias,1,6.426677942276001,405,285,189.20731162075575
4.5,4,7,GoalBias,1,2.114330291748047,43,124,143.31661889590205
4.5,4,6,RRT*,1,13.975078105926514,625,490,183.61944133897916
4.5,4,8,RRT*,1,7.709479808807373,398,326,146.58876458420986
4.5,4,7,RRT*,1,17.945329189300537,673,587,193.92014950744226
4.5,4,7,Hybrid,1,16.48178791999817,526,332,173.05319977599018
4.5,4,8,Hybrid,1,2.593689203262329,138,158,146.33016244243427
4.5,4,5,Hybrid,1,44.15609884262085,817,606,157.13973144274823
4.5,4,8,GoalBias,1,17.649214029312134,884,613,234.61560708282525
4.5,4,9,GoalBias,1,10.160389184951782,493,413,166.74691862061414
5.5,0,0,GoalBias,1,2.318289041519165,72,138,126.68679046904549
4.5,4,9,Hybrid,1,7.5187461376190186,247,228,158.53610991902397
5.5,0,0,Hybrid,1,5.488684177398682,171,189,134.4216324002801
5.5,0,1,GoalBias,1,2.225538969039917,58,125,112.27987040989909
5.5,0,0,RRT*,1,11.51078176498413,458,502,171.03186097416483
5.5,0,2,RRT*,1,6.84409499168396,299,317,130.7515630778082
4.5,4,9,RRT*,1,29.555354833602905,1328,828,132.73213097010822
5.5,0,1,Hybrid,1,8.914419889450073,253,226,149.24928175365568
5.5,0,1,RRT*,1,14.017327070236206,587,460,214.3761407401818
5.5,0,2,GoalBias,1,6.997572898864746,476,271,143.00071228177623
5.5,0,2,Hybrid,1,6.813523054122925,324,260,138.2162847102574
5.5,0,3,GoalBias,1,5.807243824005127,393,255,123.31477988767956
5.5,0,4,GoalBias,1,6.848049879074097,387,277,234.79901383147399
5.5,0,3,Hybrid,1,9.09732723236084,257,253,111.25521794014551
5.5,0,4,Hybrid,1,6.6668479442596436,299,273,117.42216105208398
5.5,0,3,RRT*,1,20.802789211273193,765,754,141.7896401814745
5.5,0,5,Hybrid,1,2.6726291179656982,124,146,128.91525103855525
5.5,0,4,RRT*,1,18.74994707107544,646,686,144.0614174386772
5.5,0,5,GoalBias,1,11.093837022781372,605,434,204.951480737547
5.5,0,6,GoalBias,1,6.81196403503418,398,278,131.30591795579807
5.5,0,6,RRT*,1,10.533504962921143,506,382,222.85910959924612
5.5,0,7,GoalBias,1,2.2234838008880615,47,124,153.27223214322973
5.5,0,7,RRT*,1,12.32510495185852,494,463,178.80457696559245
5.5,0,7,Hybrid,1,8.128111839294434,376,256,105.40554227957696
5.5,0,8,GoalBias,1,2.381704807281494,77,155,119.73751390093138
5.5,0,6,Hybrid,1,16.442475080490112,622,355,207.90428039956538
5.5,0,5,RRT*,1,35.68863582611084,1276,933,216.5601121321061
5.5,0,9,GoalBias,1,2.185781955718994,46,115,115.48980700386831
5.5,0,9,RRT*,1,6.3454389572143555,254,310,120.75717684363052
5.5,0,8,RRT*,1,13.671888828277588,567,485,156.67942616808162
5.5,0,9,Hybrid,1,6.6999831199646,148,179,153.04189003400495
5.5,1,0,GoalBias,1,5.648726940155029,376,251,152.46241086342516
5.5,1,0,Hybrid,1,6.860783815383911,290,226,110.67518528227579
5.5,1,0,RRT*,1,18.783193111419678,751,702,134.83861646469427
5.5,1,1,Hybrid,1,1.8849518299102783,73,113,135.75163858952996
5.5,1,1,RRT*,1,12.091294050216675,587,473,161.04596376492069
5.5,1,1,GoalBias,1,11.619839191436768,675,402,119.4585669160596
5.5,1,2,Hybrid,1,2.0780649185180664,85,99,103.69694312279907
5.5,1,2,GoalBias,1,7.943511009216309,476,307,139.77652261695508
5.5,1,2,RRT*,1,10.27303695678711,427,386,159.3097091182483
5.5,1,3,RRT*,1,8.42891812324524,322,349,98.04101084395003
5.5,1,3,GoalBias,1,8.028266191482544,459,317,112.60473330292945
5.5,1,4,RRT*,1,3.797064781188965,110,205,129.67672250469047
5.5,1,4,GoalBias,1,2.3435425758361816,68,140,119.78666639612538
5.5,1,4,Hybrid,1,2.3887412548065186,118,146,149.69349620995578
5.5,1,3,Hybrid,1,12.436815023422241,370,286,214.14100796479687
5.5,1,5,RRT*,1,5.146895170211792,177,267,122.6043741260599
5.5,1,5,GoalBias,1,7.534412860870361,384,311,150.10714055630493
5.5,1,5,Hybrid,1,10.6651451587677,384,320,173.17040035454164
5.5,1,6,GoalBias,1,8.127649068832397,469,327,133.48958823504455
5.5,1,6,RRT*,1,12.288305282592773,450,511,141.48187814321898
5.5,1,7,GoalBias,1,2.4239249229431152,47,133,123.92465994826769
5.5,1,6,Hybrid,1,9.359314918518066,385,294,172.23736158574232
5.5,1,8,RRT*,1,6.291928052902222,311,271,168.64510285844858
5.5,1,8,GoalBias,1,2.4232819080352783,73,142,110.18010318383493
5.5,1,7,RRT*,1,16.24451208114624,546,533,232.76946323572
5.5,1,8,Hybrid,1,2.2778329849243164,125,133,135.05032946550477
5.5,1,7,Hybrid,1,15.738273859024048,549,333,152.50229419032377
5.5,1,9,GoalBias,1,2.09928297996521,64,128,154.76825827621315
5.5,1,9,RRT*,1,14.284539222717285,634,553,121.55447715067142
5.5,1,9,Hybrid,1,13.030811071395874,393,296,208.7419373346459
5.5,2,0,GoalBias,1,2.5428950786590576,73,124,122.38320865031206
5.5,2,0,Hybrid,1,2.033324956893921,65,110,126.63767009272345
5.5,2,1,GoalBias,1,2.5321850776672363,56,138,107.21406340509438
5.5,2,1,Hybrid,1,1.4339900016784668,41,86,116.62811245104668
5.5,2,0,RRT*,1,19.631464958190918,804,720,120.02542385647888
5.5,2,2,GoalBias,1,1.9245531558990479,41,116,156.16015932146675
5.5,2,1,RRT*,1,13.091128826141357,559,489,203.17856279136126
5.5,2,2,RRT*,1,9.41015911102295,401,410,160.4927443084618
5.5,2,3,GoalBias,1,2.073082208633423,53,133,132.94690903361635
5.5,2,3,RRT*,1,17.9237539768219,685,534,128.8200774751118
5.5,2,4,RRT*,1,4.90923810005188,168,261,124.7427598447292
5.5,2,4,GoalBias,1,9.17802619934082,251,295,140.82201391005776
5.5,2,2,Hybrid,1,38.075077295303345,468,450,115.18290778782566
5.5,2,4,Hybrid,1,2.8636951446533203,137,154,145.04641938494225
5.5,2,5,GoalBias,1,7.364574193954468,393,276,211.50904651988867
5.5,2,5,Hybrid,1,2.358448028564453,119,127,153.18408378721483
5.5,2,5,RRT*,1,26.418761014938354,1077,691,186.447076772628
5.5,2,6,RRT*,1,17.460824966430664,843,524,176.56572111777197
5.5,2,6,Hybrid,1,2.18660306930542,55,97,135.48686660539133
5.5,2,6,GoalBias,1,5.311956882476807,272,235,125.91174219777132
5.5,2,7,GoalBias,1,2.2508018016815186,43,121,158.85384016237433
5.5,0,8,Hybrid,1,178.4191858768463,1287,934,196.21848293706992
5.5,2,8,RRT*,1,8.574604034423828,398,314,146.58876458420986
5.5,2,7,RRT*,1,13.919601917266846,586,438,235.92958847893487
5.5,2,3,Hybrid,1,78.6155378818512,849,679,177.6460941440368
5.5,2,8,Hybrid,1,5.013810873031616,221,183,196.70579849367368
5.5,2,9,RRT*,1,7.880373954772949,391,325,206.8150953060971
5.5,2,9,GoalBias,1,7.7395100593566895,481,294,121.64904079142431
5.5,2,9,Hybrid,1,6.873234987258911,120,167,141.3946248297341
5.5,3,0,GoalBias,1,2.4655489921569824,73,139,136.3519725012138
5.5,3,0,RRT*,1,17.84228801727295,804,673,120.02542385647888
5.5,3,1,RRT*,1,6.933922052383423,328,278,175.542189252602
5.5,2,8,GoalBias,1,40.01197075843811,1332,729,130.32261659604924
5.5,3,1,GoalBias,1,2.56071400642395,56,139,107.21406340509438
5.5,3,1,Hybrid,1,6.184295177459717,149,194,116.6469890447743
5.5,3,2,GoalBias,1,2.1429378986358643,46,128,144.48186721768366
5.5,3,2,RRT*,1,9.610531091690063,401,395,160.4927443084618
5.5,3,2,Hybrid,1,4.067912817001343,125,154,130.21261153172037
5.5,3,0,Hybrid,1,31.036654949188232,496,401,112.06881504284607
5.5,3,3,GoalBias,1,2.0865941047668457,53,134,132.94690903361635
5.5,3,3,Hybrid,1,5.792572975158691,254,205,179.90009229961922
5.5,3,4,RRT*,1,7.357431173324585,256,342,172.84474957390648
5.5,2,7,Hybrid,1,72.18735218048096,1165,769,149.76620120154726
5.5,3,3,RRT*,1,15.947418928146362,618,516,229.53612505790446
5.5,3,4,GoalBias,1,8.748412847518921,251,288,140.82201391005776
5.5,3,5,RRT*,1,7.012836933135986,279,347,115.51011199150834
5.5,3,5,Hybrid,1,4.411494970321655,162,171,128.2452602525456
5.5,3,5,GoalBias,1,6.912843942642212,393,275,209.9116374282239
5.5,3,6,Hybrid,1,2.2461390495300293,55,98,119.81655058717408
5.5,3,4,Hybrid,1,15.199610710144043,370,337,217.54009568201562
5.5,3,6,GoalBias,1,5.523385047912598,302,250,136.64820834279666
5.5,3,6,RRT*,1,10.86605715751648,506,381,220.3661427099134
5.5,3,7,Hybrid,1,4.011361122131348,161,157,109.37086122946624
5.5,3,7,GoalBias,1,8.579000234603882,274,331,149.5516028086501
5.5,3,7,RRT*,1,14.439083099365234,607,477,187.07037155382932
5.5,3,8,RRT*,1,9.911996841430664,398,344,146.58876458420986
5.5,3,9,GoalBias,1,2.451880931854248,70,129,146.82991207619926
5.5,3,8,Hybrid,1,10.377235889434814,535,295,172.8892953092806
5.5,3,9,Hybrid,1,8.058045864105225,249,226,152.72202775060586
5.5,4,0,RRT*,1,7.007034063339233,349,294,146.64997937746793
5.5,4,0,GoalBias,1,2.5718867778778076,73,140,122.38320865031206
5.5,3,8,GoalBias,1,22.08266806602478,902,577,226.4093489430491
5.5,4,0,Hybrid,1,2.0048649311065674,81,129,108.3826643144728
5.5,4,1,GoalBias,1,2.584373950958252,70,142,109.66155683790831
5.5,3,9,RRT*,1,22.106332302093506,985,623,166.19511041772304
5.5,4,1,Hybrid,1,6.815316915512085,250,266,189.2819177312286
5.5,4,2,GoalBias,1,1.969750165939331,41,117,119.11351166827495
5.5,4,2,RRT*,1,8.723880290985107,377,384,115.23568268874496
5.5,4,2,Hybrid,1,3.517454147338867,141,163,157.8390294808282
5.5,4,3,GoalBias,1,5.623417139053345,235,288,146.08031763880876
5.5,4,3,Hybrid,1,5.318670034408569,256,207,182.96090429554863
5.5,4,4,GoalBias,1,2.4290409088134766,67,146,105.16625563446081
5.5,4,3,RRT*,1,13.469695091247559,491,526,128.06273189891664
5.5,4,1,RRT*,1,32.48475003242493,1218,1013,178.11207164615578
5.5,4,4,Hybrid,1,13.008296251296997,444,372,187.73062892085974
5.5,4,4,RRT*,1,18.90814971923828,612,656,148.22327133037663
5.5,4,5,Hybrid,1,3.6572201251983643,161,189,158.56767867476012
5.5,4,5,GoalBias,1,5.981922149658203,351,271,139.56715001277638
5.5,4,6,Hybrid,1,4.65460991859436,249,212,191.92065222832872
5.5,4,6,GoalBias,1,6.578891038894653,370,270,127.01112164992959
5.5,4,6,RRT*,1,8.427037954330444,347,394,130.6452139435578
5.5,4,7,RRT*,1,9.081418991088867,494,373,225.36801253773098
5.5,4,7,GoalBias,1,9.932021856307983,311,345,155.82596543956225
5.5,4,7,Hybrid,1,14.487474203109741,422,321,191.3683163863071
5.5,4,8,RRT*,1,8.004140853881836,398,325,146.58876458420986
5.5,4,8,Hybrid,1,2.5740528106689453,148,151,161.05749782015127
5.5,4,8,GoalBias,1,11.749450922012329,628,431,237.22264933589324
5.5,4,5,RRT*,0,,,,
5.5,4,9,GoalBias,1,8.351871967315674,483,327,121.64904079142431
5.5,4,9,Hybrid,1,7.141003847122192,233,222,161.44333490711253
7.0,0,0,GoalBias,1,2.3841772079467773,72,138,126.68679046904549
7.0,0,0,Hybrid,1,3.396305799484253,128,162,160.93710998698006
7.0,0,0,RRT*,1,11.266947984695435,458,509,171.03186097416483
7.0,0,1,GoalBias,1,3.8665781021118164,114,187,112.62692346194801
5.5,4,9,RRT*,1,28.22139024734497,1292,798,160.2015847385299
7.0,0,2,RRT*,1,10.324275970458984,401,428,136.1475417195661
7.0,0,2,GoalBias,1,7.38123893737793,476,287,143.00071228177623
7.0,0,1,RRT*,1,23.344489336013794,879,693,191.82760463313602
7.0,0,3,GoalBias,1,2.149780035018921,86,132,112.3483963187266
7.0,0,3,RRT*,1,9.87288212776184,378,398,143.72336850237838
7.0,0,3,Hybrid,1,7.729598045349121,494,237,102.94606879813186
7.0,0,2,Hybrid,1,16.53412413597107,318,309,113.13717979312449
7.0,0,4,Hybrid,1,4.200695991516113,257,192,181.02399654417914
7.0,0,4,GoalBias,1,6.5000319480896,387,270,234.79901383147399
7.0,0,5,RRT*,1,4.662700891494751,168,249,119.45845580028801
7.0,0,5,GoalBias,1,6.632428884506226,393,269,209.9116374282239
7.0,0,4,RRT*,1,19.718074083328247,646,683,136.19646505828177
7.0,0,6,GoalBias,1,2.847217082977295,107,154,157.00082159622653
7.0,0,6,RRT*,1,10.850921869277954,506,382,222.85910959924612
7.0,0,6,Hybrid,1,1.9361870288848877,81,122,151.3336051313577
7.0,0,5,Hybrid,1,16.78051996231079,395,353,165.30929033968363
7.0,0,7,GoalBias,1,2.2633590698242188,43,126,153.05589491607125
7.0,0,7,RRT*,1,5.054937124252319,215,243,112.50971787112857
7.0,0,8,GoalBias,1,2.3991806507110596,77,155,119.73751390093138
7.0,0,8,Hybrid,1,2.9596140384674072,84,126,158.5684502900751
7.0,0,8,RRT*,1,10.443843126296997,398,361,148.90740475661045
7.0,0,9,GoalBias,1,2.0242440700531006,46,116,115.48980700386831
7.0,0,7,Hybrid,1,17.95207190513611,521,341,127.6624555267068
7.0,0,9,Hybrid,1,6.07138991355896,142,177,153.28409447176978
7.0,0,9,RRT*,1,13.517138004302979,538,565,136.55734525522666
7.0,1,0,RRT*,1,3.951176881790161,166,206,147.68617081517488
7.0,1,0,GoalBias,1,5.687140941619873,376,253,152.46241086342516
7.0,1,1,GoalBias,1,2.654322862625122,91,149,139.75134876036424
7.0,1,0,Hybrid,1,6.824682950973511,290,226,112.48769530465326
7.0,1,1,Hybrid,1,1.4138391017913818,42,85,134.04738785096995
7.0,1,2,GoalBias,1,2.0743918418884277,41,120,115.2270476652311
7.0,1,1,RRT*,1,12.307729244232178,587,484,191.09534819985822
7.0,1,2,RRT*,1,7.1250598430633545,322,304,124.16134373266063
7.0,1,3,GoalBias,1,2.2836251258850098,75,143,111.55593615118248
7.0,1,3,Hybrid,1,2.09271502494812,113,120,146.60211304345876
7.0,1,3,RRT*,1,8.573865175247192,322,353,98.04101084395003
7.0,1,4,RRT*,1,3.7643940448760986,110,207,129.67672250469047
7.0,1,4,Hybrid,1,3.649003028869629,131,156,114.16017110309146
7.0,1,5,RRT*,1,3.826740026473999,107,200,125.73644261274143
7.0,1,4,GoalBias,1,9.03735899925232,251,301,140.56575463780072
7.0,1,5,Hybrid,1,2.9500553607940674,152,162,146.5628649773694
7.0,1,2,Hybrid,1,25.50722098350525,406,370,221.3852436314714
7.0,1,5,GoalBias,1,7.479575872421265,358,296,132.09257352140014
7.0,1,6,Hybrid,1,2.210977077484131,106,135,152.9161958478786
7.0,1,6,GoalBias,1,8.443480014801025,469,321,133.42616121689682
7.0,1,7,GoalBias,1,2.4489471912384033,47,133,123.92465994826769
7.0,1,6,RRT*,1,13.289882898330688,450,500,173.2377791739652
7.0,1,7,Hybrid,1,3.5581769943237305,164,174,144.49753212804308
7.0,1,8,GoalBias,1,2.268521785736084,73,143,110.18010318383493
7.0,1,8,RRT*,1,6.5687689781188965,311,271,168.64510285844858
7.0,1,7,RRT*,1,15.390383005142212,586,499,233.424184335511
7.0,1,8,Hybrid,1,5.205106258392334,228,199,199.1056624639597
7.0,1,9,GoalBias,1,1.9743359088897705,47,120,158.05561415687973
7.0,1,9,Hybrid,1,5.921163082122803,102,140,141.4671428349587
7.0,2,0,GoalBias,1,3.140159845352173,73,136,136.35197250122104
7.0,1,9,RRT*,1,18.069671154022217,692,615,120.6875459145733
7.0,2,0,RRT*,1,20.766053199768066,804,722,120.02542385647888
7.0,2,1,GoalBias,1,2.9709649085998535,56,139,107.21406340509438
7.0,2,1,Hybrid,1,5.520095109939575,203,199,166.46010139664452
7.0,2,1,RRT*,1,16.00278925895691,626,592,160.45342313248705
7.0,2,2,GoalBias,1,2.215665817260742,46,127,144.48186721768366
7.0,2,2,Hybrid,1,3.9925239086151123,141,165,138.92018931852104
7.0,2,2,RRT*,1,16.019142866134644,677,622,175.2133450340086
7.0,2,3,RRT*,1,10.141697883605957,408,413,151.9904892263163
7.0,2,3,GoalBias,1,2.06388521194458,53,133,132.94690903361635
7.0,2,4,RRT*,1,10.21986198425293,364,429,162.70860108064537
7.0,2,3,Hybrid,1,11.366864919662476,303,278,211.45989472500872
7.0,2,4,GoalBias,1,2.3913872241973877,67,139,105.16119424740721
7.0,2,4,Hybrid,1,2.1861541271209717,95,116,137.3877138639982
7.0,2,5,GoalBias,1,7.529671907424927,410,285,201.96698461700507
7.0,2,5,RRT*,1,9.45322585105896,377,427,145.77622874543226
7.0,2,5,Hybrid,1,7.493291139602661,173,198,148.96370159560146
7.0,2,0,Hybrid,1,66.39000010490417,838,634,206.5090060840193
7.0,2,6,Hybrid,1,2.3998947143554688,88,123,142.17279860322066
7.0,2,6,GoalBias,1,5.285794019699097,272,238,125.91174219777132
7.0,2,7,GoalBias,1,2.2919411659240723,43,121,158.85384016237433
7.0,2,6,RRT*,1,18.33304238319397,786,588,175.99386286900008
7.0,2,8,RRT*,1,8.076411008834839,398,311,146.58876458420986
7.0,2,7,RRT*,1,18.93490219116211,665,548,202.4193711030707
7.0,2,7,Hybrid,1,14.51004695892334,439,358,212.55025987705343
7.0,2,8,Hybrid,1,3.6597800254821777,156,172,157.17970551719046
7.0,2,9,GoalBias,1,2.247098922729492,68,121,144.2073588453426
7.0,2,8,GoalBias,1,10.873833894729614,529,360,198.6274557376317
7.0,2,9,Hybrid,1,6.489744186401367,131,179,113.6455434958704
7.0,3,0,GoalBias,1,2.633186101913452,72,139,159.05987573003
7.0,2,9,RRT*,1,14.991933107376099,552,588,137.5976526316551
7.0,3,0,Hybrid,1,1.4041540622711182,40,89,113.08825208006618
7.0,3,1,GoalBias,1,2.6376891136169434,56,140,107.21406340509438
7.0,3,1,Hybrid,1,1.5100300312042236,43,82,123.30323325378674
7.0,3,0,RRT*,1,18.490185976028442,804,679,120.02542385647888
7.0,3,2,GoalBias,1,2.1428301334381104,46,129,144.48186721768366
7.0,3,2,Hybrid,1,3.4310991764068604,77,113,107.89563884213543
7.0,3,1,RRT*,1,22.481296062469482,906,674,205.53610951356117
7.0,3,2,RRT*,1,18.14026379585266,677,608,175.2133450340086
7.0,3,3,GoalBias,1,2.3038251399993896,53,134,132.94690903361635
7.0,3,3,RRT*,1,10.455113887786865,408,403,151.9904892263163
7.0,3,4,GoalBias,1,2.5356900691986084,67,139,105.16119424740721
7.0,3,3,Hybrid,1,8.695657014846802,266,252,174.7588018727099
7.0,3,4,RRT*,1,7.834525108337402,265,338,140.33391922606341
7.0,3,4,Hybrid,1,3.5334551334381104,125,139,132.90571754648167
7.0,3,5,GoalBias,1,7.350131988525391,393,278,209.9116374282239
7.0,3,5,Hybrid,1,6.665704965591431,212,206,125.33552597719205
7.0,3,5,RRT*,1,10.322551250457764,377,428,135.1757330293398
7.0,3,6,Hybrid,1,2.2938449382781982,91,115,106.24680587058218
7.0,3,6,GoalBias,1,5.297885179519653,272,230,125.91174219777132
7.0,3,7,GoalBias,1,2.4690728187561035,43,122,158.85384016237433
7.0,3,6,RRT*,1,11.508403778076172,506,381,220.3661427099134
7.0,3,7,Hybrid,1,4.958201169967651,140,168,123.16160399830898
7.0,3,8,RRT*,1,8.62682819366455,398,320,146.58876458420986
7.0,3,7,RRT*,1,16.035393714904785,586,493,236.01300802888701
7.0,3,8,Hybrid,1,3.2845382690429688,135,155,121.09895284763684
7.0,3,9,GoalBias,1,2.3475341796875,68,128,144.2073588453426
7.0,3,8,GoalBias,1,14.602088928222656,667,443,226.6433614680662
7.0,3,9,RRT*,1,15.194088220596313,552,571,136.1638097791377
7.0,4,0,RRT*,1,6.785806179046631,349,294,146.64997937746793
7.0,4,0,Hybrid,1,2.026082992553711,83,129,108.74925253212676
7.0,3,9,Hybrid,1,12.275471210479736,434,304,149.1224516478015
7.0,4,0,GoalBias,1,2.4587161540985107,73,140,122.38320865031206
7.0,4,1,Hybrid,1,1.9023699760437012,73,111,115.34624287596642
7.0,4,1,GoalBias,1,2.4367942810058594,56,141,107.21406340509438
7.0,4,2,GoalBias,1,6.765167713165283,476,260,137.04404689223924
7.0,4,2,Hybrid,1,1.9090712070465088,96,118,110.9281639752495
7.0,4,2,RRT*,1,9.214262247085571,401,410,161.89824608567707
7.0,4,1,RRT*,1,16.06288504600525,740,625,206.0965724810946
7.0,4,3,GoalBias,1,5.744592189788818,235,289,146.08031763880876
7.0,4,3,Hybrid,1,6.539430856704712,213,217,224.3134847007392
7.0,4,3,RRT*,1,11.875627040863037,491,504,110.29554227623468
7.0,4,4,GoalBias,1,2.341294050216675,67,146,105.16625563446081
7.0,4,4,Hybrid,1,2.33305287361145,95,132,139.92442788225412
7.0,4,5,GoalBias,1,2.9939191341400146,136,169,169.20497082388277
7.0,4,5,Hybrid,1,2.021206855773926,121,121,145.34094455777642
7.0,4,5,RRT*,1,9.48392391204834,377,421,135.1757330293398
7.0,4,4,RRT*,1,17.463318824768066,577,625,157.8624937388627
7.0,4,6,Hybrid,1,1.8214778900146484,55,100,111.10039308071015
7.0,4,6,RRT*,1,7.5303192138671875,328,294,148.52042760583947
7.0,4,6,GoalBias,1,3.8285069465637207,129,170,132.91012575414638
7.0,4,7,GoalBias,1,2.3070530891418457,43,122,158.85384016237433
7.0,4,7,Hybrid,1,3.493273973464966,132,148,109.52673333138391
7.0,4,7,RRT*,1,11.613573789596558,556,417,189.87584140786436
7.0,4,8,RRT*,1,8.580086708068848,398,320,146.58876458420986
7.0,4,8,GoalBias,1,7.569646835327148,260,311,123.23745150514372
7.0,4,9,GoalBias,1,11.223143815994263,635,378,145.35881639981298
7.0,4,8,Hybrid,1,13.008656978607178,442,301,124.17058908042765
7.0,4,9,RRT*,1,13.728830337524414,552,560,135.72129772495697
7.0,0,1,Hybrid,0,,,,
7.0,4,9,Hybrid,1,31.73191523551941,1035,662,189.10323452206327
