density,map_seed,search_seed,method,success,planning_time,first_solution_iteration,node_count,path_length
10,0,0,RRT*,1,4.787142276763916,285,363,144.0196507970278
10,0,0,GoalBias,1,1.7791318893432617,73,159,133.34880734386846
10,0,0,Hybrid,1,0.7660329341888428,37,84,155.39491145280687
10,0,1,RRT*,1,7.176497936248779,479,513,161.6025114080379
10,0,1,GoalBias,1,1.9559319019317627,91,168,110.294333954837
10,0,1,Hybrid,1,1.5503709316253662,75,119,144.05500228283452
10,0,2,RRT*,1,6.44454288482666,401,470,200.42175346209584
10,0,2,GoalBias,1,1.2211408615112305,46,124,125.74407287053661
10,0,2,Hybrid,1,0.7988569736480713,36,85,122.5390575263619
10,0,3,RRT*,1,6.307973146438599,423,447,168.77391096283628
10,0,3,GoalBias,1,1.2719159126281738,52,135,125.48039068953872
10,0,3,Hybrid,1,1.036909818649292,85,113,150.38581993707214
10,0,4,RRT*,1,1.4552111625671387,57,149,145.98084910043295
10,0,4,GoalBias,1,1.2674767971038818,68,122,118.53334210369745
10,0,4,Hybrid,1,0.8868288993835449,48,100,134.4732873044153
10,0,5,RRT*,1,5.4700422286987305,371,411,141.65796191323037
10,0,5,GoalBias,1,1.840400218963623,137,180,126.24579178880099
10,0,5,Hybrid,1,1.19339919090271,84,121,127.97838191802467
10,0,6,RRT*,1,5.346736192703247,319,400,144.06149972638897
10,0,6,GoalBias,1,1.3478951454162598,47,127,155.93852537229031
10,0,6,Hybrid,1,0.9284317493438721,40,96,113.72685289977677
10,0,7,RRT*,1,2.707473039627075,164,254,162.86487032882266
10,0,7,GoalBias,1,1.6416492462158203,88,152,111.0856550121026
10,0,7,Hybrid,1,0.7070999145507812,40,84,126.77005421196273
10,0,8,RRT*,1,2.849810838699341,169,260,174.95595107864273
10,0,8,GoalBias,1,1.8158931732177734,95,168,121.27822558782987
10,0,8,Hybrid,1,1.0285649299621582,117,110,171.8785544974919
10,0,9,RRT*,1,5.958118200302124,398,464,164.03748662012094
10,0,9,GoalBias,1,3.439903974533081,262,279,171.60340170041442
10,0,9,Hybrid,1,0.7928657531738281,40,80,138.91949857411367
10,1,0,RRT*,1,7.36959981918335,511,535,169.40567314411712
10,1,0,GoalBias,1,14.234713077545166,668,682,140.41353276412428
10,1,0,Hybrid,1,0.7121949195861816,37,78,138.93159786854685
10,1,1,RRT*,1,5.284764289855957,336,397,169.46424101177823
10,1,1,GoalBias,1,1.7141387462615967,130,161,135.47349644803575
10,1,1,Hybrid,1,1.357017993927002,71,113,153.15339563040155
10,1,2,RRT*,1,5.172359943389893,311,395,134.46432642733106
10,1,2,GoalBias,1,1.2724940776824951,52,123,119.59750685181425
10,1,2,Hybrid,1,1.1493759155273438,126,95,147.00157313038108
10,1,3,RRT*,1,6.632339000701904,408,492,184.57941088805111
10,1,3,GoalBias,1,7.222862005233765,449,437,138.84944581576744
10,1,3,Hybrid,1,0.9676220417022705,54,95,159.81637174864431
10,1,4,RRT*,1,12.603017807006836,630,634,167.7152842745384
10,1,4,GoalBias,1,3.2127182483673096,256,267,144.81756907054296
10,1,4,Hybrid,1,1.2866370677947998,117,101,131.3439893042072
10,1,5,RRT*,1,2.8237950801849365,168,261,157.00672552271172
10,1,5,GoalBias,1,10.834242105484009,656,674,160.6516600911406
10,1,5,Hybrid,1,0.7785348892211914,44,91,151.41617485480765
10,1,6,RRT*,1,3.7499561309814453,202,298,166.08886486763652
10,1,6,GoalBias,1,1.446850061416626,56,123,153.23453699034386
10,1,6,Hybrid,1,1.0403587818145752,102,99,97.58144468816528
10,1,7,RRT*,1,6.303639888763428,404,466,143.6945332670286
10,1,7,GoalBias,1,3.9383139610290527,176,237,176.43639178578692
10,1,7,Hybrid,1,0.8664658069610596,45,92,149.81336675253513
10,1,8,RRT*,1,3.008273124694824,174,255,140.68730862475795
10,1,8,GoalBias,1,1.979588270187378,127,181,112.20729053944629
10,1,8,Hybrid,1,0.846898078918457,48,96,108.30640041243034
10,1,9,RRT*,1,2.4851768016815186,137,204,144.60396571302476
10,1,9,GoalBias,1,2.0274980068206787,159,173,152.0353671991829
10,1,9,Hybrid,1,0.8419129848480225,43,88,148.16361032071688
10,2,0,RRT*,1,5.434319019317627,329,386,171.19765086310838
10,2,0,GoalBias,1,1.529433250427246,73,135,132.18906617363865
10,2,0,Hybrid,1,0.8219058513641357,37,85,125.21972666244378
10,2,1,RRT*,1,3.382695198059082,117,218,144.92727563482816
10,2,1,GoalBias,1,1.5243690013885498,70,148,140.22448668809744
10,2,1,Hybrid,1,0.8891558647155762,33,91,117.00963548389284
10,2,2,RRT*,1,4.728142023086548,291,374,159.91843109680562
10,2,2,GoalBias,1,1.214690923690796,41,118,142.3480635372634
10,2,2,Hybrid,1,2.7200281620025635,135,171,146.02050865731277
10,2,3,RRT*,1,6.784031867980957,380,456,136.80890949426714
10,2,3,GoalBias,1,3.3772733211517334,230,286,124.90053493446327
10,2,3,Hybrid,1,1.0222818851470947,47,102,132.9294766338387
10,2,4,RRT*,1,4.583053112030029,256,340,162.20789120613242
10,2,4,GoalBias,1,8.297287940979004,433,493,157.6510390078876
10,2,4,Hybrid,1,0.6951699256896973,27,84,151.98973902030244
10,2,5,RRT*,1,2.2885148525238037,135,227,167.86767478424062
10,2,5,GoalBias,1,2.199402093887329,136,174,146.77709937578834
10,2,5,Hybrid,1,1.0555450916290283,64,104,113.62167317532712
10,2,6,RRT*,1,4.031719923019409,220,304,136.94499514329684
10,2,6,GoalBias,1,1.5061509609222412,47,135,129.20349095731805
10,2,6,Hybrid,1,1.1176559925079346,50,103,146.61167663251445
10,2,7,RRT*,1,16.715448141098022,894,922,142.57838479147776
10,2,7,GoalBias,1,1.284994125366211,41,122,146.35044784930076
10,2,7,Hybrid,1,0.7644720077514648,36,82,117.46885487724299
10,2,8,RRT*,1,2.662363052368164,136,221,151.9374818019025
10,2,8,GoalBias,1,1.1547179222106934,48,129,108.44915600014792
10,2,8,Hybrid,1,1.2112538814544678,82,127,139.71775054294815
10,2,9,RRT*,1,4.2192230224609375,254,332,124.47325383868858
10,2,9,GoalBias,1,1.2090680599212646,46,118,128.48234689829405
10,2,9,Hybrid,1,3.4214508533477783,98,144,149.62328045921717
10,3,0,RRT*,1,7.312578916549683,458,533,148.1601959727025
10,3,0,GoalBias,1,3.477832078933716,229,280,169.7604186105297
10,3,0,Hybrid,1,0.8375957012176514,56,91,137.75462169192252
10,3,1,RRT*,1,3.9948198795318604,205,291,136.5595295791349
10,3,1,GoalBias,1,1.3097147941589355,58,123,110.92614895169567
10,3,1,Hybrid,1,0.6890530586242676,32,77,140.38791911875396
10,3,2,RRT*,1,9.383549928665161,524,589,167.9172123728192
10,3,2,GoalBias,1,21.294156789779663,765,806,126.65484974088612
10,3,2,Hybrid,1,1.1263232231140137,110,97,116.14396098855605
10,3,3,RRT*,1,12.450887203216553,737,797,142.0122818415005
10,3,3,GoalBias,1,1.249957799911499,53,122,124.3050224899912
10,3,3,Hybrid,1,0.8672089576721191,54,93,133.59401688960727
10,3,4,RRT*,1,3.947796106338501,248,332,157.14510191981972
10,3,4,GoalBias,1,4.0942628383636475,237,286,131.33026932719184
10,3,4,Hybrid,1,1.883976936340332,73,128,146.3621937706634
10,3,5,RRT*,1,5.395128965377808,377,432,146.47216284500064
10,3,5,GoalBias,1,1.3666539192199707,59,131,116.45673340449105
10,3,5,Hybrid,1,0.7500510215759277,49,90,106.85506957663141
10,3,6,RRT*,1,4.112954139709473,220,295,153.29704347917897
10,3,6,GoalBias,1,1.4922821521759033,47,122,109.46040920130986
10,3,6,Hybrid,1,0.977780818939209,47,100,122.03850499629543
10,3,7,RRT*,1,6.193608999252319,390,462,141.60563509071932
10,3,7,GoalBias,1,32.70201587677002,812,804,178.76511266091873
10,3,7,Hybrid,1,0.7197480201721191,80,76,132.16413632853687
10,3,8,RRT*,1,2.8004329204559326,131,220,160.21331047607305
10,3,8,GoalBias,1,1.1610019207000732,48,127,108.6999401440427
10,3,8,Hybrid,1,0.821674108505249,45,93,114.23976029030565
10,3,9,RRT*,1,4.243451118469238,254,327,121.95010539114874
10,3,9,GoalBias,1,1.1438930034637451,46,106,123.17335291485517
10,3,9,Hybrid,1,0.7490830421447754,42,85,145.2322486133822
10,4,0,RRT*,1,4.3074822425842285,227,315,153.932927247163
10,4,0,GoalBias,1,1.2387447357177734,116,122,163.08443078517774
10,4,0,Hybrid,1,0.6777777671813965,37,79,109.00421020766818
10,4,1,RRT*,1,2.444916009902954,141,221,123.35854926353436
10,4,1,GoalBias,1,1.225532054901123,42,119,141.75834743189975
10,4,1,Hybrid,1,1.4207210540771484,85,117,116.26126053687406
10,4,2,RRT*,1,3.100709915161133,167,249,165.7631442089363
10,4,2,GoalBias,1,1.2784111499786377,47,118,153.7977269468975
10,4,2,Hybrid,1,1.559216022491455,75,113,118.86119651389289
10,4,3,RRT*,1,6.341181039810181,380,446,123.7768157996017
10,4,3,GoalBias,1,1.34505033493042,52,135,122.48770220346984
10,4,3,Hybrid,1,2.353529214859009,90,124,113.25310982578132
10,4,4,RRT*,1,6.293449878692627,404,444,146.30830299899876
10,4,4,GoalBias,1,14.038993120193481,794,801,154.27707794906112
10,4,4,Hybrid,1,0.7262117862701416,38,87,145.6033471802851
10,4,5,RRT*,1,7.314932823181152,463,519,159.48691430474295
10,4,5,GoalBias,1,3.6216890811920166,258,263,111.2919099217364
10,4,5,Hybrid,1,0.8643438816070557,52,91,114.38174574444682
10,4,6,RRT*,1,10.831421852111816,637,644,132.75577466713554
10,4,6,GoalBias,1,1.477097988128662,47,125,118.82201705308938
10,4,6,Hybrid,1,0.9799671173095703,49,98,143.8833740886035
10,4,7,RRT*,1,14.626747131347656,834,861,197.5665644409743
10,4,7,GoalBias,1,2.267915964126587,177,178,117.41331294622952
10,4,7,Hybrid,1,1.037402868270874,54,88,115.18768434288138
10,4,8,RRT*,1,4.311121940612793,245,336,159.31262422479102
10,4,8,GoalBias,1,1.2469768524169922,48,128,108.4491560001514
10,4,8,Hybrid,1,1.0853259563446045,71,111,141.59488457012444
10,4,9,RRT*,1,13.382702112197876,716,778,131.9152691887182
10,4,9,GoalBias,1,1.1520850658416748,45,112,123.3019491648527
10,4,9,Hybrid,1,0.7172670364379883,46,82,147.4913671655525
20,0,0,RRT*,1,11.80496096611023,458,500,180.1983761790991
20,0,0,GoalBias,1,2.6969339847564697,85,149,156.02500766478184
20,0,0,Hybrid,1,6.105778932571411,178,198,158.26711507261857
20,0,1,RRT*,1,8.004196882247925,314,373,154.75818565530938
20,0,1,GoalBias,1,2.6625330448150635,141,143,118.06780965479163
20,0,1,Hybrid,1,1.568559169769287,44,93,146.4689202914723
20,0,2,RRT*,1,7.291977882385254,311,350,145.75446566645329
20,0,2,GoalBias,1,2.715039014816284,98,165,147.3778204319594
20,0,2,Hybrid,1,1.7093939781188965,63,104,157.54897921694993
20,0,3,RRT*,1,6.146459102630615,294,304,132.76007666016642
20,0,3,GoalBias,1,1.8551411628723145,53,126,129.61714616903896
20,0,3,Hybrid,1,1.634789228439331,79,110,149.63254514385852
20,0,4,RRT*,1,2.426971197128296,80,151,109.18980088027435
20,0,4,GoalBias,1,3.3192250728607178,159,187,122.35926107239428
20,0,4,Hybrid,1,3.4306719303131104,128,150,150.93583612577285
20,0,5,RRT*,1,6.12581467628479,289,290,153.45668617393875
20,0,5,GoalBias,1,41.821646213531494,759,698,168.05273170929388
20,0,5,Hybrid,1,1.598179817199707,52,98,130.58702070015843
20,0,6,RRT*,1,5.13825798034668,202,244,163.99939067187464
20,0,6,GoalBias,1,2.0091969966888428,64,115,124.84852674924991
20,0,6,Hybrid,1,1.2982759475708008,48,89,140.38075510051968
20,0,7,RRT*,1,5.452641010284424,229,282,170.4807739508074
20,0,7,GoalBias,1,2.640287160873413,88,151,111.0856550121026
20,0,7,Hybrid,1,3.4634780883789062,147,151,174.86627070045643
20,0,8,RRT*,1,5.079845905303955,214,263,144.30066950716684
20,0,8,GoalBias,1,2.88234806060791,95,157,140.65796881819455
20,0,8,Hybrid,1,1.599707841873169,135,105,121.43986329310997
20,0,9,RRT*,1,14.193496704101562,576,615,185.90365361662566
20,0,9,GoalBias,1,1.8036682605743408,70,118,121.59516784123713
20,0,9,Hybrid,1,2.0628108978271484,81,97,123.34756862456949
20,1,0,RRT*,1,13.694272994995117,592,548,160.80690250376875
20,1,0,GoalBias,1,7.575725078582764,307,320,152.35522815689401
20,1,0,Hybrid,1,1.3994441032409668,55,97,161.13951609170104
20,1,1,RRT*,1,9.644752025604248,438,425,198.6478819197325
20,1,1,GoalBias,1,2.8699429035186768,173,175,128.1286798263644
20,1,1,Hybrid,1,2.6972386837005615,105,136,130.84773589546214
20,1,2,RRT*,1,17.16771125793457,665,658,173.5923080838532
20,1,2,GoalBias,1,3.0652706623077393,97,161,147.61391731875474
20,1,2,Hybrid,1,1.3042888641357422,82,84,133.35924254946462
20,1,3,RRT*,1,16.988193035125732,685,674,129.05128290366792
20,1,3,GoalBias,1,11.220191955566406,449,418,128.1244697801722
20,1,3,Hybrid,1,10.438278913497925,241,228,149.37680662167196
20,1,4,RRT*,1,3.5898540019989014,112,165,184.0864752636164
20,1,4,GoalBias,1,5.006742715835571,256,253,136.12006663789873
20,1,4,Hybrid,1,3.098461866378784,202,176,143.52011890049087
20,1,5,RRT*,1,3.664919137954712,130,201,139.45006635061398
20,1,5,GoalBias,1,3.64237904548645,141,183,189.7754762208274
20,1,5,Hybrid,1,1.6407287120819092,87,98,146.29260202282913
20,1,6,RRT*,1,15.479972839355469,589,587,160.86514235016344
20,1,6,GoalBias,1,2.104494094848633,56,114,141.3538140377849
20,1,6,Hybrid,1,1.46156907081604,48,93,170.19755837162705
20,1,7,RRT*,1,5.141013145446777,237,263,153.98683051623993
20,1,7,GoalBias,1,6.544718265533447,176,222,164.82583226767179
20,1,7,Hybrid,1,2.2783007621765137,145,146,157.86581435347526
20,1,8,RRT*,1,5.250653266906738,214,264,140.4916306709426
20,1,8,GoalBias,1,7.226457834243774,285,308,117.88657462289633
20,1,8,Hybrid,1,1.4051661491394043,42,93,139.85331349250924
20,1,9,RRT*,1,33.21953010559082,1166,1110,167.22280987901846
20,1,9,GoalBias,1,1.9241900444030762,64,120,159.80107571916523
20,1,9,Hybrid,1,7.415654897689819,155,185,152.87191206019307
20,2,0,RRT*,1,3.8418009281158447,126,190,131.19307888530903
20,2,0,GoalBias,1,4.574077129364014,351,174,120.8872928122977
20,2,0,Hybrid,1,1.1819441318511963,45,80,126.68260665180193
20,2,1,RRT*,1,11.327404022216797,479,506,213.25094202234942
20,2,1,GoalBias,1,2.698676824569702,82,151,111.2084979369904
20,2,1,Hybrid,1,2.5238473415374756,114,146,113.97009585338012
20,2,2,RRT*,1,22.855556964874268,863,830,197.58714967565518
20,2,2,GoalBias,1,2.7588400840759277,101,155,123.69732929384175
20,2,2,Hybrid,1,2.57849383354187,116,147,142.9188581009006
20,2,3,RRT*,1,11.467429876327515,481,485,145.96724598286033
20,2,3,GoalBias,1,2.4565341472625732,104,147,118.76819034988014
20,2,3,Hybrid,1,1.6357948780059814,47,99,86.9294824108338
20,2,4,RRT*,1,4.025979042053223,150,230,118.95337486611447
20,2,4,GoalBias,1,2.5927412509918213,159,143,121.48883707819934
20,2,4,Hybrid,1,3.860599994659424,166,165,135.0800887748118
20,2,5,RRT*,1,3.3840909004211426,128,195,127.1170408209593
20,2,5,GoalBias,1,3.1788980960845947,136,165,141.9057961539984
20,2,5,Hybrid,1,2.913024663925171,229,140,130.56450736075635
20,2,6,RRT*,1,10.716758728027344,450,450,138.98997713645886
20,2,6,GoalBias,1,6.6595587730407715,371,326,182.73350956083436
20,2,6,Hybrid,1,4.3853538036346436,257,179,122.23475477091786
20,2,7,RRT*,1,2.527642250061035,78,155,118.28367586965342
20,2,7,GoalBias,1,3.062314987182617,109,140,121.52659789171561
20,2,7,Hybrid,1,1.9688949584960938,73,102,157.6531242568862
20,2,8,RRT*,1,6.256350994110107,241,309,156.5498412669177
20,2,8,GoalBias,1,3.0295560359954834,130,179,108.67708655702839
20,2,8,Hybrid,1,7.784940004348755,389,260,116.16227860108907
20,2,9,RRT*,1,8.026649951934814,435,355,187.22360305223472
20,2,9,GoalBias,1,11.655128955841064,500,433,175.31206572428266
20,2,9,Hybrid,1,1.5798070430755615,113,99,156.8530464039181
20,3,0,RRT*,1,10.818859100341797,453,490,146.1928266752519
20,3,0,GoalBias,1,14.979847192764282,371,393,160.43741512858767
20,3,0,Hybrid,1,1.0450758934020996,34,68,114.45267783228203
20,3,1,RRT*,1,12.3176851272583,479,520,145.6199837289661
20,3,1,GoalBias,1,2.0861921310424805,58,118,110.92614895169567
20,3,1,Hybrid,1,1.0694537162780762,40,79,109.90760009721679
20,3,2,RRT*,1,7.337843894958496,322,375,135.91552006851444
20,3,2,GoalBias,1,33.64275312423706,765,791,126.65484974088612
20,3,2,Hybrid,1,1.5873761177062988,52,89,142.82730152139652
20,3,3,RRT*,1,19.83301591873169,737,763,142.0122818415005
20,3,3,GoalBias,1,2.1457769870758057,100,127,155.06282330739853
20,3,3,Hybrid,1,1.264786958694458,47,92,145.9552464799266
20,3,4,RRT*,1,5.710142135620117,248,279,157.14510191981972
20,3,4,GoalBias,1,10.927527904510498,433,389,139.31562084835534
20,3,4,Hybrid,1,1.1689269542694092,37,84,110.62232487469493
20,3,5,RRT*,1,4.606431007385254,209,244,127.20239758711875
20,3,5,GoalBias,1,1.928251028060913,43,116,108.6283431335848
20,3,5,Hybrid,1,1.4367051124572754,46,87,93.4193939416044
20,3,6,RRT*,1,13.727078199386597,592,557,145.05571318403156
20,3,6,GoalBias,1,2.078822135925293,50,116,108.20481837279895
20,3,6,Hybrid,1,1.4999780654907227,117,80,126.37893887270764
20,3,7,RRT*,1,10.564068794250488,459,479,150.97957953987984
20,3,7,GoalBias,1,49.96568012237549,812,784,178.76511266091873
20,3,7,Hybrid,1,6.05618691444397,254,226,146.38355400307447
20,3,8,RRT*,1,6.066437721252441,252,299,166.85941710128313
20,3,8,GoalBias,1,2.0012142658233643,75,135,108.59529378634541
20,3,8,Hybrid,1,1.285407304763794,45,90,107.34704646695863
20,3,9,RRT*,1,6.105341911315918,254,290,126.86152593540695
20,3,9,GoalBias,1,4.261768817901611,223,222,147.15714859844755
20,3,9,Hybrid,1,3.417285203933716,131,158,131.05798518168854
20,4,0,RRT*,1,20.438382148742676,864,784,144.53969207034095
20,4,0,GoalBias,1,10.181653022766113,559,444,209.50147569309556
20,4,0,Hybrid,1,5.090816974639893,61,169,127.7847678264432
20,4,1,RRT*,1,13.552553176879883,587,572,150.70451055413895
20,4,1,GoalBias,1,2.7661020755767822,115,145,113.40237712251674
20,4,1,Hybrid,1,4.384501218795776,44,148,119.77792285729247
20,4,2,RRT*,1,8.16731309890747,322,354,156.46722785643712
20,4,2,GoalBias,1,1.9392399787902832,47,112,153.7977269468975
20,4,2,Hybrid,1,6.26088285446167,164,177,122.30156679138126
20,4,3,RRT*,1,8.549862146377563,378,402,117.99118238668173
20,4,3,GoalBias,1,1.972203016281128,52,116,122.48770220346984
20,4,3,Hybrid,1,5.692155122756958,149,164,115.90073840623292
20,4,4,RRT*,1,7.249776124954224,328,329,115.81518458893517
20,4,4,GoalBias,1,6.227433919906616,366,298,156.27097259198413
20,4,4,Hybrid,1,4.962235927581787,73,185,123.4775510127872
20,4,5,RRT*,1,10.675323724746704,463,457,210.61612568857137
20,4,5,GoalBias,1,12.853400707244873,475,484,164.58831284014147
20,4,5,Hybrid,1,7.930998086929321,184,177,132.71304964560252
20,4,6,RRT*,1,13.890658140182495,637,563,180.77701057776775
20,4,6,GoalBias,1,7.938609838485718,381,346,182.02380686547522
20,4,6,Hybrid,1,5.549181938171387,49,171,112.90272872214153
20,4,7,RRT*,1,6.755875110626221,315,338,129.3650875226503
20,4,7,GoalBias,1,22.056484937667847,806,702,138.40732046260294
20,4,7,Hybrid,1,8.831676721572876,98,184,120.65330742258388
20,4,8,RRT*,1,3.1556878089904785,154,181,132.05262435939594
20,4,8,GoalBias,1,111.28229713439941,1147,1056,135.81336413749077
20,4,8,Hybrid,1,6.126666307449341,45,168,135.1267552751764
20,4,9,RRT*,1,8.88403606414795,371,397,149.8699225122912
20,4,9,GoalBias,1,2.0376479625701904,69,111,148.45487765379858
20,4,9,Hybrid,1,5.118274688720703,91,162,142.3260467451908
30,0,0,RRT*,1,14.22802996635437,502,440,145.6969950109954
30,0,0,GoalBias,1,8.968323945999146,431,262,142.3189363375558
30,0,0,Hybrid,1,2.890109062194824,84,116,116.31437647676513
30,0,1,RRT*,1,5.7591917514801025,205,211,172.7028623212601
30,0,1,GoalBias,1,5.572784900665283,309,186,152.88096536926963
30,0,1,Hybrid,1,1.685208797454834,38,84,135.14778389453994
30,0,2,RRT*,1,9.218683004379272,351,307,176.7111363292916
30,0,2,GoalBias,1,3.5183260440826416,98,155,147.3778204319594
30,0,2,Hybrid,1,13.653884887695312,540,231,180.2046707516152
30,0,3,RRT*,1,7.1049721240997314,290,238,135.71605355660623
30,0,3,GoalBias,1,5.95567774772644,261,219,170.10102120141863
30,0,3,Hybrid,1,5.919812202453613,151,164,154.76214970610587
30,0,4,RRT*,1,17.538033962249756,577,506,121.73926542443957
30,0,4,GoalBias,1,3.345102071762085,144,150,115.06677863898099
30,0,4,Hybrid,1,9.711484909057617,248,212,155.56193142191992
30,0,5,RRT*,1,9.337736129760742,378,285,182.6805122336695
30,0,5,GoalBias,1,4.1526899337768555,145,173,135.9445653239571
30,0,5,Hybrid,1,4.801513910293579,229,150,96.33323832283156
30,0,6,RRT*,1,13.516079187393188,450,409,182.20506791185295
30,0,6,GoalBias,1,3.147630214691162,85,128,115.2658516104781
30,0,6,Hybrid,1,5.048615217208862,256,173,130.14559560245965
30,0,7,RRT*,1,20.138628005981445,607,585,130.87326633735478
30,0,7,GoalBias,1,3.226086139678955,81,114,114.61709246862246
30,0,7,Hybrid,1,8.311352968215942,466,216,162.11060951874245
30,0,8,RRT*,1,4.220203876495361,131,159,153.1462246270815
30,0,8,GoalBias,1,3.8066139221191406,95,148,131.94443061705186
30,0,8,Hybrid,1,2.402730941772461,75,105,124.82707065882346
30,0,9,RRT*,1,17.81938099861145,576,559,185.94512979214875
30,0,9,GoalBias,1,2.290355920791626,70,107,121.60690791904683
30,0,9,Hybrid,1,2.941331148147583,117,136,150.17118330327554
30,1,0,RRT*,1,8.761608123779297,296,273,187.95098161865621
30,1,0,GoalBias,1,14.25098967552185,419,381,147.60176524142042
30,1,0,Hybrid,1,2.1882030963897705,100,98,152.55214368614887
30,1,1,RRT*,1,5.901866912841797,176,217,124.80352831126676
30,1,1,GoalBias,1,3.113095998764038,121,113,125.40643066984535
30,1,1,Hybrid,1,2.839871883392334,90,116,120.73322416415769
30,1,2,RRT*,1,10.876062870025635,401,330,146.296523242408
30,1,2,GoalBias,1,3.307783842086792,110,126,145.30612315737767
30,1,2,Hybrid,1,2.9848477840423584,91,121,147.92573356115034
30,1,3,RRT*,1,9.703884840011597,378,341,159.6680682146642
30,1,3,GoalBias,1,24.89011001586914,932,625,198.42526260433627
30,1,3,Hybrid,1,1.745478868484497,47,79,114.25381231728579
30,1,4,RRT*,1,13.21274995803833,404,383,144.57527405602283
30,1,4,GoalBias,1,3.1198830604553223,124,147,157.13707182022947
30,1,4,Hybrid,1,2.539594888687134,53,99,115.51462999397478
30,1,5,RRT*,1,5.3477418422698975,168,209,166.45454428435835
30,1,5,GoalBias,1,4.570458889007568,202,162,158.22863792663932
30,1,5,Hybrid,1,7.700681924819946,514,198,150.19989821403223
30,1,6,RRT*,1,4.674860000610352,128,164,129.01594011113852
30,1,6,GoalBias,1,3.0094690322875977,56,108,136.19543255492553
30,1,6,Hybrid,1,2.0464000701904297,46,89,119.64489983680807
30,1,7,RRT*,1,4.96274995803833,185,190,156.7134737344203
30,1,7,GoalBias,1,2.7175753116607666,47,107,145.04200530999884
30,1,7,Hybrid,1,5.209547996520996,469,151,154.97450849425041
30,1,8,RRT*,1,5.60729718208313,214,216,139.71832098725898
30,1,8,GoalBias,1,8.626723051071167,285,247,114.45030546454083
30,1,8,Hybrid,1,2.2062270641326904,117,95,149.50082891044
30,1,9,RRT*,1,15.567137002944946,460,442,135.16427455016128
30,1,9,GoalBias,1,2.5499660968780518,64,114,156.04401885485703
30,1,9,Hybrid,1,7.061589002609253,378,221,152.9532036662254
30,2,0,RRT*,1,7.993618965148926,229,212,130.99278778195318
30,2,0,GoalBias,1,11.161361932754517,636,289,128.70208088375438
30,2,0,Hybrid,1,34.06922483444214,356,350,165.82529064121434
30,2,1,RRT*,1,13.864782094955444,479,472,213.25094202234942
30,2,1,GoalBias,1,3.8311009407043457,130,163,128.97161336169694
30,2,1,Hybrid,1,48.55156683921814,328,392,136.4664179944553
30,2,2,RRT*,1,20.58257293701172,636,608,138.82940270249742
30,2,2,GoalBias,1,4.926145792007446,146,203,142.292326898928
30,2,2,Hybrid,1,9.98423719406128,116,219,120.86550386194378
30,2,3,RRT*,1,12.957273006439209,423,422,141.83701819286958
30,2,3,GoalBias,1,17.833438873291016,768,515,178.01679309351087
30,2,3,Hybrid,1,36.223546743392944,259,305,139.63196857098995
30,2,4,RRT*,1,3.877011775970459,97,178,160.95437049342843
30,2,4,GoalBias,1,19.568507194519043,877,600,158.1580485543976
30,2,4,Hybrid,1,104.99165797233582,558,549,156.65794153326829
30,2,5,RRT*,1,10.793426752090454,374,418,122.71136663541502
30,2,5,GoalBias,1,4.276148080825806,136,165,141.9057961539984
30,2,5,Hybrid,1,95.93512392044067,854,726,218.9041995387394
30,2,6,RRT*,1,6.860960960388184,222,232,190.0150995591442
30,2,6,GoalBias,1,6.650856256484985,318,237,131.2410561484371
30,2,6,Hybrid,1,65.89333415031433,330,390,132.0866294962558
30,2,7,RRT*,1,3.323439121246338,78,150,119.20926840591224
30,2,7,GoalBias,1,5.426285743713379,176,186,120.78468585647362
30,2,7,Hybrid,1,11.475697755813599,118,199,121.72295366607057
30,2,8,RRT*,1,8.429780960083008,241,301,156.5498412669177
30,2,8,GoalBias,1,2.880687952041626,77,130,117.3618769942527
30,2,8,Hybrid,1,27.30259609222412,438,462,115.29896242696
30,2,9,RRT*,1,11.117193937301636,435,343,187.22360305223472
30,2,9,GoalBias,1,10.584421873092651,552,314,128.53500876341465
30,2,9,Hybrid,1,14.932492971420288,135,217,139.33611923246102
30,3,0,RRT*,1,28.534884929656982,765,748,145.55459758160413
30,3,0,GoalBias,1,12.925933837890625,554,408,153.3182237038862
30,3,0,Hybrid,1,2.1436119079589844,46,79,148.42440250409322
30,3,1,RRT*,1,8.839298009872437,314,287,119.75328597866658
30,3,1,GoalBias,1,8.30068588256836,332,245,138.88770699196095
30,3,1,Hybrid,1,1.8776960372924805,65,87,142.3891434730353
30,3,2,RRT*,1,9.720367670059204,376,336,135.3479758299981
30,3,2,GoalBias,1,5.302300930023193,152,177,104.31417917213547
30,3,2,Hybrid,1,2.011810064315796,111,83,146.63692617252093
30,3,3,RRT*,1,16.908715963363647,553,534,184.69543435222909
30,3,3,GoalBias,1,3.09555721282959,100,139,154.90443812033917
30,3,3,Hybrid,1,1.7508652210235596,88,72,149.64659535434313
30,3,4,RRT*,0,,,,
30,3,4,GoalBias,0,,,,
30,3,4,Hybrid,1,2.046797037124634,53,93,108.92667915047217
30,3,5,RRT*,1,14.065311908721924,505,440,180.82550185299752
30,3,5,GoalBias,1,22.242788791656494,620,583,155.6130556526302
30,3,5,Hybrid,1,13.069669961929321,174,238,168.82067179999223
30,3,6,RRT*,1,5.406222105026245,202,196,144.22833076630556
30,3,6,GoalBias,1,2.6474668979644775,50,115,109.0237471793138
30,3,6,Hybrid,1,3.551435947418213,138,129,113.25718766658268
30,3,7,RRT*,1,15.652323961257935,504,493,177.62344459790074
30,3,7,GoalBias,1,3.5394959449768066,109,149,138.5825198108998
30,3,7,Hybrid,1,30.89193296432495,285,308,123.13677818405928
30,3,8,RRT*,1,5.594208002090454,174,244,139.6146403682851
30,3,8,GoalBias,1,3.197326898574829,81,140,149.3992729421248
30,3,8,Hybrid,1,1.5222809314727783,38,77,136.98015698868707
30,3,9,RRT*,1,17.33440065383911,538,537,210.73752826873783
30,3,9,GoalBias,1,3.345949172973633,78,139,155.82532529708777
30,3,9,Hybrid,1,1.9088058471679688,51,87,126.12912934979872
30,4,0,RRT*,1,22.37134099006653,731,658,162.22775480293163
30,4,0,GoalBias,1,13.834121942520142,405,341,157.80991639732582
30,4,0,Hybrid,1,8.35370421409607,51,157,115.08162533354823
30,4,1,RRT*,1,4.694224119186401,185,172,147.09945294318746
30,4,1,GoalBias,1,2.9259700775146484,102,99,133.40282686597627
30,4,1,Hybrid,1,11.538264036178589,111,166,105.187549516764
30,4,2,RRT*,1,8.201830863952637,250,267,146.84526919592884
30,4,2,GoalBias,1,2.6261579990386963,61,105,110.74777279185285
30,4,2,Hybrid,1,20.535956144332886,354,242,160.49581682018268
30,4,3,RRT*,1,14.758110046386719,518,489,169.98012155226988
30,4,3,GoalBias,1,2.501375913619995,52,108,122.48770220346984
30,4,3,Hybrid,1,10.655740976333618,473,195,122.5087480914678
30,4,4,RRT*,1,10.661394834518433,364,364,141.74311835414724
30,4,4,GoalBias,1,8.184540748596191,366,278,156.27097259198413
30,4,4,Hybrid,1,9.687573909759521,136,205,151.30735238253288
30,4,5,RRT*,1,7.358546733856201,378,249,185.39886196058296
30,4,5,GoalBias,1,3.281553030014038,93,130,157.39444100229844
30,4,5,Hybrid,1,8.414577960968018,118,153,112.55861736038965
30,4,6,RRT*,1,14.560832977294922,499,468,138.22407353924336
30,4,6,GoalBias,1,4.123120069503784,209,147,178.930327722567
30,4,6,Hybrid,1,13.967601299285889,62,174,132.0517722684254
30,4,7,RRT*,1,8.666175842285156,315,314,128.85135398729744
30,4,7,GoalBias,1,2.1589410305023193,43,93,112.56709558277453
30,4,7,Hybrid,1,8.060647964477539,77,156,144.6835184096551
30,4,8,RRT*,1,10.637273788452148,489,286,117.19574702455267
30,4,8,GoalBias,1,3.322417974472046,127,133,139.4128630957295
30,4,8,Hybrid,1,13.67188572883606,62,184,140.44213388610086
30,4,9,RRT*,1,13.435120105743408,460,413,193.73792179202394
30,4,9,GoalBias,1,10.822376012802124,392,339,122.20437641137985
30,4,9,Hybrid,1,21.148645877838135,79,181,109.37393229289295
40,0,0,RRT*,1,18.88905382156372,542,439,207.31252162865067
40,0,0,GoalBias,1,7.462479114532471,257,189,127.8500743810553
40,0,0,Hybrid,1,27.37984609603882,552,380,148.06713336438733
40,0,1,RRT*,1,10.514070987701416,392,262,153.3213392510096
40,0,1,GoalBias,1,6.311131954193115,234,166,134.68403621117903
40,0,1,Hybrid,1,46.54345703125,415,346,188.55580634979822
40,0,2,RRT*,1,8.742960929870605,282,219,148.6733222239119
40,0,2,GoalBias,1,11.394315719604492,435,286,155.49234194008415
40,0,2,Hybrid,1,7.0962138175964355,225,172,125.75911050468554
40,0,3,RRT*,1,20.913121223449707,746,358,164.13670481565197
40,0,3,GoalBias,1,8.842087745666504,290,225,146.45633088587633
40,0,3,Hybrid,1,101.47678327560425,541,444,162.01216667714806
40,0,4,RRT*,1,14.20173692703247,428,293,117.71871665993197
40,0,4,GoalBias,1,4.130727291107178,144,147,115.06677863898099
40,0,4,Hybrid,1,143.7547950744629,939,653,196.70107983255804
40,0,5,RRT*,1,20.685169219970703,622,422,218.4842114207279
40,0,5,GoalBias,1,16.113944053649902,650,349,210.27999932089534
40,0,5,Hybrid,1,9.456913709640503,436,159,168.53299347520203
40,0,6,RRT*,1,9.936975717544556,336,243,143.4495966394257
40,0,6,GoalBias,1,15.815726041793823,629,364,118.8056257952707
40,0,6,Hybrid,1,6.674771070480347,331,176,132.03675443335936
40,0,7,RRT*,1,14.94629693031311,469,352,161.41113713130912
40,0,7,GoalBias,1,9.081199884414673,315,188,140.1506613070757
40,0,7,Hybrid,1,36.51926803588867,474,410,189.4096342796684
40,0,8,RRT*,1,7.727697849273682,351,207,142.1717475738688
40,0,8,GoalBias,1,6.3436479568481445,185,149,136.5917939357601
40,0,8,Hybrid,1,116.3787829875946,849,581,146.28230609072725
40,0,9,RRT*,1,13.634150266647339,468,328,132.92105412982838
40,0,9,GoalBias,1,21.193272829055786,935,422,173.94890061966706
40,0,9,Hybrid,1,14.32025694847107,383,266,139.19047409799012
40,1,0,RRT*,1,10.42385196685791,274,248,181.397670083151
40,1,0,GoalBias,1,30.925604104995728,729,571,176.63024054911202
40,1,0,Hybrid,1,9.747513055801392,615,195,108.00827248727893
40,1,1,RRT*,1,6.066116094589233,161,169,131.30747179425433
40,1,1,GoalBias,1,4.121746063232422,121,111,117.69729572891012
40,1,1,Hybrid,1,3.2402842044830322,159,111,137.32178381457004
40,1,2,RRT*,1,34.31876301765442,863,670,147.17803948654947
40,1,2,GoalBias,1,4.139392137527466,110,115,157.18684610941662
40,1,2,Hybrid,1,7.159754037857056,334,153,136.45555751338946
40,1,3,RRT*,1,13.731246948242188,408,362,139.34822928242082
40,1,3,GoalBias,1,8.271481990814209,230,211,149.10993718287912
40,1,3,Hybrid,1,2.4659409523010254,81,83,151.96256228652598
40,1,4,RRT*,1,16.209038972854614,390,296,146.62123298375073
40,1,4,GoalBias,1,5.847472190856934,240,176,151.610574321061
40,1,4,Hybrid,1,2.303748846054077,48,74,133.69052868551202
40,1,5,RRT*,1,16.1827130317688,463,407,149.52864176970365
40,1,5,GoalBias,1,8.691022157669067,410,173,125.09349066126401
40,1,5,Hybrid,1,2.6941800117492676,89,84,161.3533276202477
40,1,6,RRT*,1,16.343168020248413,499,413,136.01212570440165
40,1,6,GoalBias,1,4.019274950027466,67,107,117.76743507130108
40,1,6,Hybrid,1,2.182133913040161,47,79,108.57473427586751
40,1,7,RRT*,1,9.965632915496826,351,240,161.71402212017844
40,1,7,GoalBias,1,82.35007524490356,1339,860,166.94341240365281
40,1,7,Hybrid,1,2.5682308673858643,112,92,119.72063745864226
40,1,8,RRT*,1,29.784375190734863,805,431,210.03343457078537
40,1,8,GoalBias,1,3.4904050827026367,75,113,107.3673325029734
40,1,8,Hybrid,1,3.4913079738616943,95,104,146.81121614771635
40,1,9,RRT*,1,17.324139833450317,487,407,159.44788608073887
40,1,9,GoalBias,1,2.9971840381622314,64,97,130.44774706938645
40,1,9,Hybrid,1,6.6422951221466064,256,141,117.79324758996604
40,2,0,RRT*,1,47.047791957855225,994,843,159.1218452306325
40,2,0,GoalBias,1,23.398916006088257,870,498,139.84099080693693
40,2,0,Hybrid,1,242.0016691684723,1173,842,170.80867176709063
40,2,1,RRT*,1,6.877088308334351,153,176,160.12998779266852
40,2,1,GoalBias,1,6.926817178726196,304,169,128.1151464391774
40,2,1,Hybrid,1,104.31004095077515,812,721,146.7799416408666
40,2,2,RRT*,1,19.3676700592041,524,454,158.52483879749377
40,2,2,GoalBias,1,4.598785877227783,125,154,127.68762258927667
40,2,2,Hybrid,1,66.54860401153564,629,473,120.17814074728261
40,2,3,RRT*,1,12.506330013275146,404,361,158.65706878562804
40,2,3,GoalBias,1,22.86955976486206,820,483,136.03616037998663
40,2,3,Hybrid,1,68.98692393302917,467,433,137.0212835083728
40,2,4,RRT*,1,24.58736801147461,603,531,191.18746196034826
40,2,4,GoalBias,1,14.757450103759766,666,328,159.71547601938104
40,2,4,Hybrid,1,333.8787121772766,1287,1011,119.88688027710698
40,2,5,RRT*,1,14.133268117904663,378,383,145.53242557827528
40,2,5,GoalBias,1,14.74208688735962,560,338,166.93529647609776
40,2,5,Hybrid,1,189.23129892349243,950,798,146.43378205817632
40,2,6,RRT*,1,8.9483802318573,222,236,186.12311236396488
40,2,6,GoalBias,1,19.64303207397461,675,403,162.55052298290676
40,2,6,Hybrid,1,300.09117317199707,888,767,147.40983058160336
40,2,7,RRT*,1,7.719103813171387,180,209,144.91235266354303
40,2,7,GoalBias,1,10.06951904296875,461,222,158.60486836779614
40,2,7,Hybrid,1,18.77537512779236,416,353,144.0235425897366
40,2,8,RRT*,1,22.61733317375183,688,499,138.35444443614742
40,2,8,GoalBias,1,4.966104745864868,169,143,133.89604160357854
40,2,8,Hybrid,1,12.747496128082275,164,225,142.32474837824802
40,2,9,RRT*,1,24.65828514099121,634,545,199.71760442579355
40,2,9,GoalBias,1,7.753558874130249,343,217,145.5153441534652
40,2,9,Hybrid,1,47.983819007873535,1232,632,170.7929307392851
40,3,0,RRT*,1,22.25062084197998,596,554,155.02435896530892
40,3,0,GoalBias,1,3.6722590923309326,91,133,163.0381654552274
40,3,0,Hybrid,1,11.467211723327637,398,237,141.45762881145413
40,3,1,RRT*,1,5.237138986587524,141,161,147.55867467076703
40,3,1,GoalBias,1,6.2653279304504395,200,161,154.19845748363727
40,3,1,Hybrid,1,9.108091115951538,231,188,155.07196745124807
40,3,2,RRT*,1,11.254355192184448,322,248,120.68949825593761
40,3,2,GoalBias,1,6.39717698097229,152,175,104.31417917213547
40,3,2,Hybrid,1,29.696089029312134,370,341,154.12552463734656
40,3,3,RRT*,1,12.026869058609009,352,335,168.26114229866488
40,3,3,GoalBias,1,62.53496694564819,967,751,127.20182592308505
40,3,3,Hybrid,1,3.713006019592285,118,108,133.99469385984904
40,3,4,RRT*,1,18.62540912628174,517,428,173.33977137558287
40,3,4,GoalBias,1,4.304326772689819,157,152,152.6768279607629
40,3,4,Hybrid,1,3.714334011077881,144,120,128.47993976272593
40,3,5,RRT*,1,12.138171911239624,491,220,157.54722589857394
40,3,5,GoalBias,1,5.166897773742676,125,163,130.37573546629667
40,3,5,Hybrid,1,4.0118162631988525,124,133,149.61477319586402
40,3,6,RRT*,1,13.43821382522583,414,359,137.54855294717962
40,3,6,GoalBias,1,4.9043190479278564,225,143,124.15063283053281
40,3,6,Hybrid,1,53.82297706604004,477,378,157.99050633195517
40,3,7,RRT*,1,7.85352087020874,207,243,129.2225381087285
40,3,7,GoalBias,1,4.327286243438721,109,140,138.5825198108998
40,3,7,Hybrid,1,10.770363092422485,149,200,158.81743172405552
40,3,8,RRT*,1,6.786271810531616,174,235,139.6146403682851
40,3,8,GoalBias,1,4.233798980712891,127,144,113.38164588448453
40,3,8,Hybrid,1,4.344852924346924,104,126,146.8271072472902
40,3,9,RRT*,1,6.775844097137451,186,196,124.4381552129462
40,3,9,GoalBias,1,3.412449836730957,64,112,146.09332952782958
40,3,9,Hybrid,1,394.26243829727173,1115,974,162.11245950757362
40,4,0,RRT*,1,18.318938970565796,520,360,137.2209969935725
40,4,0,GoalBias,1,11.11886477470398,429,283,160.14570846913904
40,4,0,Hybrid,1,12.562849760055542,729,192,123.81629151714095
40,4,1,RRT*,1,18.403486251831055,740,367,163.06307214550154
40,4,1,GoalBias,1,7.9910478591918945,358,207,143.29980996056676
40,4,1,Hybrid,0,,,,
40,4,2,RRT*,1,23.335494995117188,885,416,135.86167560881447
40,4,2,GoalBias,1,23.151103973388672,940,233,145.7748812690899
40,4,2,Hybrid,1,6.544125080108643,451,103,128.49898208908004
40,4,3,RRT*,1,16.7514808177948,518,409,163.32252395136135
40,4,3,GoalBias,1,9.992876052856445,611,149,128.08522731625968
40,4,3,Hybrid,1,21.894363164901733,642,237,157.73801008863575
40,4,4,RRT*,1,20.711994886398315,577,443,176.15147261847648
40,4,4,GoalBias,1,22.188530921936035,1490,258,192.82588592099836
40,4,4,Hybrid,1,23.64336085319519,343,296,155.23023508263634
40,4,5,RRT*,1,33.18828010559082,965,479,145.036613473743
40,4,5,GoalBias,1,14.039860963821411,427,244,186.68609400867305
40,4,5,Hybrid,1,47.916173219680786,1393,487,201.31909474951303
40,4,6,RRT*,1,22.312578916549683,807,433,219.16867800949078
40,4,6,GoalBias,1,39.58518409729004,998,421,167.8869719973381
40,4,6,Hybrid,1,19.328269004821777,1306,150,154.93168166739824
40,4,7,RRT*,1,15.287228107452393,546,333,162.57052070010613
40,4,7,GoalBias,1,16.100966930389404,727,293,168.62049259091208
40,4,7,Hybrid,0,,,,
40,4,8,RRT*,1,14.302263021469116,510,222,128.6989854681516
40,4,8,GoalBias,0,,,,
40,4,8,Hybrid,1,38.04344892501831,1266,305,165.59564799436095
40,4,9,RRT*,1,31.32114887237549,960,605,130.88400732325024
40,4,9,GoalBias,1,20.95751690864563,938,286,159.76161471955825
40,4,9,Hybrid,0,,,,
